id,domain,status,purchase_price,renewal_price,attractiveness,demand,length,registrar,created_at,expires_at,status_verified_at
0e5dd03e-9713-4453-b11c-921c3069d7eb,antarctic.gratis,available,23.99,23.99,high,low,9,namesilo,,,
6fb941ab-a240-4413-8781-022b7c97b76d,noncitizen.gratis,available,23.99,23.99,high,low,10,namesilo,,,
716d663b-7834-4f56-9d2b-fbb59b2f177e,cxxxv.gratis,available,23.99,23.99,medium,low,5,namesilo,,,
74fd10b3-0e5d-42f8-883f-75a73f06d049,turncoat.gratis,available,23.99,23.99,medium,low,8,namesilo,,,06/08/2026 03:49
4f799183-a7c5-47c2-a318-40130383d23b,nokia.gratis,available,,,high,low,5,,,,
ce574334-18e4-4879-8bde-6a887a8d712c,packed.gratis,available,23.99,23.99,high,low,6,namesilo,,,
5571b81b-8b28-4204-8def-f29dd9f47538,sweatshirt.gratis,available,26.99,,high,low,10,name.com,,,
18678f0e-1a46-4710-95b9-2340007d61f2,have.gratis,available,23.99,23.99,high,low,4,namesilo,,,
2e63c825-0d73-4187-be53-70295c797255,adamant.gratis,available,23.99,23.99,high,low,7,namesilo,,,
17ad2406-5bfd-4712-8641-2390c0f34bed,escaped.gratis,available,23.99,23.99,medium,low,7,namesilo,,,07/08/2026 11:22
a1f2c840-4fa0-4727-bb94-7076f3b01489,marble.gratis,available,26.99,,high,low,6,name.com,,,
8dc27ce4-ec5b-4b25-96f3-9e68652bcd0a,fashion.gratis,available,23.99,23.99,high,medium,7,namesilo,,,
054fceb0-2b02-4e5c-b312-5906ebf3dc4a,commonly.gratis,available,23.99,23.99,high,low,8,namesilo,,,
d587fe4e-8818-4e2e-8243-521f39cb51a2,strengthen.gratis,available,23.99,23.99,high,low,10,namesilo,,,
a0f59523-29ca-4b0d-9477-30952b132f8c,but.gratis,premium,23.6,23.6,high,low,3,namesilo,,,
6b31a3fb-7085-48b3-9d5f-5b43893494e2,mat.gratis,premium,23.6,23.6,high,low,3,namesilo,,,08/09/2026 07:48
90bfb501-1a9a-4931-9350-dd6bbf1cfa6f,risk.gratis,available,23.99,23.99,high,low,4,namesilo,,,08/09/2026 12:49
68ff5d7d-2466-41b9-9a5e-43cbabd05934,kilometer.gratis,available,23.99,23.99,high,low,9,namesilo,,,
daf585c7-36d2-47be-88e1-9684d99d14c6,wannabee.gratis,available,23.99,23.99,medium,low,8,namesilo,,,07/08/2026 05:22
2ff4173e-9a5c-456d-8d88-f4a3c5bdcad6,recorded.gratis,available,23.99,23.99,high,low,8,namesilo,,,
6db02a13-b137-4cd3-bf9c-971cca1b23fe,modeller.gratis,available,26.99,,high,low,8,name.com,,,
09c223d4-9b75-4d49-8e03-46f8589d04f6,globular.gratis,available,23.99,23.99,high,low,8,namesilo,,,08/08/2026 10:06
17872726-b3f6-4291-a787-152bef84fdde,adios.gratis,available,23.99,23.99,high,low,5,namesilo,,,
17d9223c-5456-477a-bc6e-f65bd973bc00,barbate.gratis,available,23.99,23.99,medium,low,7,namesilo,,,08/08/2026 16:10
aa75a8e3-18e5-4fe5-bc5d-b1826a7a2a8f,adjuvant.gratis,available,23.99,23.99,high,low,8,namesilo,,,
1569e8e8-1a1a-43b9-b23d-29e270c0fcf9,dicks.gratis,available,23.99,23.99,medium,low,5,namesilo,,,
040eafaa-02ea-421b-b180-a2b6e7861109,germicidal.gratis,available,23.99,23.99,medium,low,10,namesilo,,,08/08/2026 07:07
47555e2a-5b4c-436d-b13b-2adc49b0f291,garret.gratis,available,23.99,23.99,medium,low,6,namesilo,,,07/08/2026 15:51
9cdfc0fe-d958-48df-b1ef-69364c3ed58f,things.gratis,available,26.99,,high,low,6,name.com,,,
aabb6b27-f123-4ca4-a0c8-8fe1b77e9b2b,spherical.gratis,available,23.99,23.99,high,low,9,namesilo,,,08/08/2026 10:21
595ddb1c-4b3f-4378-9ac3-d2cdfa3d496f,erupt.gratis,available,23.99,23.99,high,low,5,namesilo,,,
7c3a6627-0434-441c-85e2-e7c3ba326d20,float.gratis,available,23.99,23.99,high,low,5,namesilo,,,
ae43d5bf-9845-4ff9-a93d-14af4217d86a,accept.gratis,available,23.99,23.99,high,low,6,namesilo,,,
81a7caf8-d660-4b1d-a62d-0d4591b08baf,mediocre.gratis,available,23.99,23.99,high,low,8,namesilo,,,
e19f7553-c780-44fd-8099-ea7d5876234c,avid.gratis,available,23.99,23.99,high,low,4,namesilo,,,07/08/2026 23:21
1f7ffe83-6d91-4fb3-931c-f0ce5050fb4e,legend.gratis,available,23.99,23.99,high,low,6,namesilo,,,
995ce3a1-f24c-4804-ae19-793f037be1e8,spacetravel.gratis,available,23.99,23.99,high,low,12,namesilo,,,
9f92c653-2b1b-439d-b5c2-3c29e9fcd903,actinide.gratis,available,23.99,23.99,medium,low,8,namesilo,,,
65d0b723-a77f-4b4c-8efd-6275e63e56d7,teammate.gratis,available,26.99,,high,low,8,name.com,,,
331435b4-c6ba-4ed9-aee1-2e25f784676d,anaerobic.gratis,available,23.99,23.99,high,low,9,namesilo,,,
3c829486-b653-495a-9bdf-e11ebd0d69a9,lan.gratis,premium,23.6,23.6,high,low,3,namesilo,,,
3b187cf1-0a91-445c-a406-97f5d57929a2,adductive.gratis,available,23.99,23.99,medium,low,9,namesilo,,,
ec53e597-8d49-4899-ad9f-57a9c0ef9cee,cancel.gratis,available,23.99,23.99,high,low,6,namesilo,,,
42cc9514-c97e-47ef-9c1b-a160437505b1,tillable.gratis,available,23.99,23.99,medium,low,8,namesilo,,,06/08/2026 11:25
732690de-91bb-4800-b969-0ece86b0ad55,smartphone.gratis,premium,118.8,118.8,high,low,10,namesilo,,,
2e44602a-05cf-40a2-b8a6-62f051624f7c,lucrative.gratis,available,23.99,23.99,high,low,9,namesilo,,,
f4a2ec0a-de6a-498b-940d-f30967f6c2fd,aneroid.gratis,available,23.99,23.99,medium,low,7,namesilo,,,
9d2e5fd5-af08-4f04-baab-9bd1efb05abd,despotic.gratis,available,23.99,23.99,medium,low,8,namesilo,,,07/08/2026 18:58
9cd6a45a-8cc1-4ae0-ae86-5773f93dda85,militant.gratis,available,24.98,31.98,high,low,8,namecheap,,,
89049d39-f6bf-4b12-a103-36e62d1e5f36,broaden.gratis,available,23.99,23.99,high,low,7,namesilo,,,
2b0be432-60f1-4649-8956-15aba32640ba,respecting.gratis,available,26.99,,medium,low,10,name.com,,,
1d121ffd-0d18-4aa8-b2e3-952d4df9b504,criticize.gratis,available,23.99,23.99,high,low,9,namesilo,,,
99e037fb-c3b1-49f5-a095-f0ce75b2a54b,flexing.gratis,available,26.99,,high,low,7,name.com,,,
224bbafd-1884-4aaf-98d6-b0ead3034b12,niner.gratis,available,23.99,23.99,high,low,5,namesilo,,,
4be3f265-0c53-4763-8bc9-16a2044c751c,nuclear.gratis,available,23.99,23.99,high,low,7,namesilo,,,
58331daa-b2ff-42b3-9b3d-186b572488a1,phil.gratis,available,23.99,23.99,high,medium,4,namesilo,,,
c95c0492-7bc9-4179-87f4-75e7fec2cc5b,vincible.gratis,available,23.99,23.99,medium,low,8,namesilo,,,09/08/2026 05:42
15084fda-7424-4f05-9629-914a69f78ade,abo.gratis,available,,,high,low,3,,,,
a1cb47f4-08e2-448d-9a9a-472c1499a1ed,archival.gratis,available,23.99,23.99,high,low,8,namesilo,,,06/08/2026 15:53
b2ccafcc-bab6-48fa-b66d-97a73fc327ef,cognisant.gratis,available,23.99,23.99,medium,low,9,namesilo,,,08/08/2026 00:18
70147ac3-9f5d-40c9-8c65-e98b45c5e8c5,beatable.gratis,available,23.99,23.99,medium,low,8,namesilo,,,09/08/2026 05:37
5fb1d153-04ff-417b-ade9-86a24f216202,desktop.gratis,available,23.99,23.99,high,low,7,namesilo,,,
1288f0f8-07b8-4dad-962d-2054c7f747f4,rebellion.gratis,available,23.99,23.99,high,low,9,namesilo,,,
68d8ea35-c728-4bba-b35b-f62aa1661bde,flooring.gratis,available,23.99,23.99,high,low,8,namesilo,,,
5d4b268c-6fee-4189-9570-289c159dc1ad,ghostly.gratis,available,23.99,23.99,high,low,7,namesilo,,,06/08/2026 05:28
4c63d5f0-3452-4a5e-94d6-c0d25ec48489,bag.gratis,premium,23.6,23.6,high,low,3,namesilo,,,04/09/2026 13:24
80b9db27-6cde-4771-af79-341d680d4024,recumbent.gratis,available,23.99,23.99,high,low,9,namesilo,,,
92e6e182-ccc6-4a62-901c-32030885dc48,recognition.gratis,available,23.99,23.99,high,low,11,namesilo,,,
6f1cbbb0-8fa8-463b-ad60-7dfe764a382c,donation.gratis,premium,118.8,118.8,high,low,8,namesilo,,,
d9733a57-dd50-4d9b-bea6-fccd28acb657,supernatural.gratis,available,23.99,23.99,high,low,12,namesilo,,,
fb0e63eb-c6c1-4aef-aebf-a1f7865318fa,packing.gratis,available,23.99,23.99,high,low,7,namesilo,,,
1ba1be73-55a5-4042-8ff0-71dd85e5cfbd,hercules.gratis,available,23.99,23.99,high,low,8,namesilo,,,
7b1ba377-029a-40cc-805b-fdebae9671db,obtain.gratis,available,23.99,23.99,high,low,6,namesilo,,,
1a24cc39-1372-46b4-9c91-8f20c3c19914,olympia.gratis,available,23.99,23.99,high,low,7,namesilo,,,
e36998b4-0d0e-4fbf-a9cb-797ac5d23e5e,emergency.gratis,available,23.99,23.99,high,low,9,namesilo,,,
b3283a5d-b9f4-474e-af6f-932ce4f22ed7,rushing.gratis,available,26.99,,high,low,7,name.com,,,
950b2547-4059-4dd6-9f34-994a1c26b4bb,visitor.gratis,available,23.99,23.99,high,low,7,namesilo,,,
54ef881d-9e43-4775-9d37-acf26a596eaa,fact.gratis,available,23.99,23.99,high,low,4,namesilo,,,
efcc1a8c-7017-435e-b59b-3d2b6745386d,salt.gratis,available,26.99,,high,low,4,name.com,,,
fadfdc97-60e3-4c41-8b8e-fbe81b11233a,showcase.gratis,available,23.99,23.99,high,low,8,namesilo,,,
cf3f214c-cdef-4c5c-aac1-7cac99deacc3,enhance.gratis,available,23.99,23.99,high,low,7,namesilo,,,
e160464c-9934-4d63-8466-83553b398a74,sunlight.gratis,available,26.99,,high,low,8,name.com,,,
d40d3a53-cdb8-43f5-93a5-deebc2c77cb7,cinderella.gratis,available,23.99,23.99,high,low,10,namesilo,,,
8bb606ee-b5b6-4766-9586-99be8d27df45,dignity.gratis,available,23.99,23.99,high,low,7,namesilo,,,
725d2e54-d6cb-467a-a33e-5420edf5d6ea,annoyance.gratis,available,23.99,23.99,high,low,9,namesilo,,,
fcd01944-2a8d-4bfa-8edb-40108ce3662f,sealed.gratis,available,23.99,23.99,high,low,6,namesilo,,,
64b7d13f-ba24-40ff-bac1-aa32623f8bc4,aery.gratis,available,23.99,23.99,high,low,4,namesilo,,,
d86a11fc-d13c-4673-a8e2-666ddc142e50,whiteboard.gratis,available,26.99,,high,low,10,name.com,,,
2a0587ab-ec30-4b0c-b4d5-f7aac108d77b,topnotch.gratis,available,23.99,23.99,high,low,8,namesilo,,,
23659f66-ce2d-4684-9573-d0788ab56a7d,frequently.gratis,available,26.99,,high,low,10,name.com,,,
c7bbee00-8c56-4a24-b93e-27930fa57110,chairperson.gratis,available,23.99,23.99,high,low,11,namesilo,,,
14063bf9-82f9-4e0e-ad3a-3099f2bdb34b,minuscule.gratis,available,23.99,23.99,high,low,9,namesilo,,,
8044bcba-a452-40f0-bb7a-ab693a6ebda5,augean.gratis,available,23.99,23.99,medium,low,6,namesilo,,,07/08/2026 16:54
ac62dc97-2a9c-4eb8-9488-230075e3b1a3,cabbage.gratis,available,26.99,,high,low,7,name.com,,,
ea9f6d40-64d8-420d-a8d5-267d61f2e06d,welfare.gratis,available,23.99,23.99,high,low,7,namesilo,,,08/09/2026 03:13
fb69f56a-4776-4275-9e15-05fe10bceb53,seek.gratis,available,23.99,23.99,high,low,4,namesilo,,,
ba977853-f134-4c1b-be83-3dff648de3b0,elusive.gratis,available,23.99,23.99,high,low,7,namesilo,,,08/08/2026 08:07
b9ccf6d2-ca24-442d-bb0f-c1956bd4f439,round.gratis,available,23.99,23.99,high,low,5,namesilo,,,09/08/2026 05:09
96bee0ab-cd72-4615-b79d-8e5117069d13,alienated.gratis,available,23.99,23.99,medium,low,9,namesilo,,,
acb75355-0f22-47ce-b689-1ce122eb17a8,acronym.gratis,available,23.99,23.99,high,low,7,namesilo,,,
d4f78c1f-8bd6-4294-9e47-00208ba8ddee,streets.gratis,available,23.99,23.99,high,low,7,namesilo,,,
2084b68e-702e-475a-b4ef-075231d04d0c,chase.gratis,available,,,high,low,5,,,,
2bdb6eb1-c576-4cb4-94df-93dec4cf0d1b,pink.gratis,available,23.99,23.99,high,low,4,namesilo,,,
f21ee7b5-be68-464f-b8b1-f7a94da34eef,prototypal.gratis,available,23.99,23.99,medium,low,10,namesilo,,,06/08/2026 15:37
1bc8d69e-e6d3-4549-8937-c273ef23a130,entirety.gratis,available,23.99,23.99,high,low,8,namesilo,,,
10372d79-c7de-46c4-84fe-5c71f93bb83a,amended.gratis,available,23.99,23.99,high,low,7,namesilo,,,
1232cd54-7baf-43c4-a259-a56d3685a50b,bars.gratis,available,23.99,23.99,high,low,4,namesilo,,,
5315a83c-1ccc-4a6b-93a5-8a62101866ad,call.gratis,premium,123.75,,high,low,4,name.com,,,
dce61bbb-f719-41b7-a217-c202ea4acd12,zest.gratis,available,26.99,,high,low,4,name.com,,,
ffcdc7db-85c1-4565-8e14-fe29f9eef30a,saddle.gratis,available,23.99,23.99,high,low,6,namesilo,,,
348dba66-bfb2-4e8f-bc65-3c662666761c,abyssal.gratis,available,23.99,23.99,medium,low,7,namesilo,,,
e2103fd9-9a9a-4e9f-a7fe-d9e9bfb9fa83,oxfam.gratis,available,23.99,23.99,high,low,5,namesilo,,,
83d62119-b3a5-4007-94c1-5c2664e00f42,characteristic.gratis,available,26.99,,high,low,14,name.com,,,
782a0d4a-4476-480e-9a64-ed53fa11d407,picked.gratis,available,23.99,23.99,high,low,6,namesilo,,,
2c62f2e8-4a94-4130-b792-424a49628d9e,basket.gratis,available,23.99,23.99,high,low,6,namesilo,,,
1cafead2-2c89-49c5-b9b5-c69307c6cfb8,audi.gratis,available,,,high,low,4,,,,
73a55543-7f2c-48d0-a0bc-47744a22fbef,sip.gratis,available,23.99,23.99,high,low,3,namesilo,,,
f5f334e4-2be0-40ed-bfa0-478e11174ce9,khakis.gratis,available,23.99,23.99,high,low,6,namesilo,,,
b5970d96-767e-48bc-be84-fa7eff48e62e,speedup.gratis,available,23.99,23.99,high,low,8,namesilo,,,
4e3e2240-e823-4548-badc-e1e050e7894c,nicki.gratis,available,23.99,23.99,high,low,5,namesilo,,,
067bcc14-8969-402d-9f71-86e3c1d259c9,standing.gratis,available,23.99,23.99,high,low,8,namesilo,,,
c2711211-f6cb-4c49-957f-5d27c7f94de5,identifier.gratis,available,23.99,23.99,high,low,10,namesilo,,,
a8c32cdf-d391-4e67-96b9-8e4d430b9090,apoplectic.gratis,available,23.99,23.99,medium,low,10,namesilo,,,06/08/2026 03:29
a751e97c-eae5-4518-9f14-10a7e4db3f41,aramaic.gratis,available,23.99,23.99,high,low,7,namesilo,,,06/08/2026 12:13
1cdc68cd-6033-4207-9a58-6fd1cefadbb7,nan.gratis,available,26.99,,high,low,3,name.com,,,
ff77bc5a-9c7b-4a15-b356-49ed2490518c,mount.gratis,available,23.99,23.99,high,low,5,namesilo,,,
8b39a865-fac8-473d-8471-595d824bd77e,use.gratis,premium,23.6,23.6,high,low,3,namesilo,,,
8e3fbb4b-386b-47c2-8601-bf69fd48f4ec,injure.gratis,available,23.99,23.99,high,low,6,namesilo,,,
5d2a71f0-c3eb-4e28-9deb-5a2529fc4b9d,christmas.gratis,premium,118.8,118.8,high,low,9,namesilo,,,24/09/2026 12:27
447085f5-adfb-497c-92ee-b205d7966cff,expression.gratis,available,23.99,23.99,high,low,10,namesilo,,,
a3463f4b-fd10-4a47-ab06-bc56744005ec,stick.gratis,available,23.99,23.99,high,low,5,namesilo,,,
d528d191-aba5-4d84-90c4-c8de0c82eea6,cleaner.gratis,premium,23.6,23.6,high,low,7,namesilo,,,
f6e1b8ff-2fe9-4c4b-82d0-d2891377574a,speed.gratis,premium,23.6,23.6,high,low,5,namesilo,,,
2bc20039-a682-444c-a885-7a83a2475d8a,stopping.gratis,available,26.99,,high,low,8,name.com,,,
189c7066-bea4-4b59-a44e-de6c04b67dd5,widely.gratis,available,23.99,23.99,high,low,6,namesilo,,,
8b578c8d-8881-4432-9442-d9eced66e04d,stating.gratis,available,23.99,23.99,high,low,7,namesilo,,,
0198f10f-c7b0-4da8-8b61-da1a78d01be6,nectarous.gratis,available,23.99,23.99,medium,low,9,namesilo,,,
4c6a3672-76de-4c73-9a43-f43c85c134cd,leather.gratis,available,23.99,23.99,high,low,7,namesilo,,,
ee730f26-9f19-4397-829b-0884468646df,swim.gratis,available,23.99,23.99,high,low,4,namesilo,,,
8e1799ee-37b7-4a96-8ae7-15f70519e925,threatening.gratis,available,23.99,23.99,medium,low,11,namesilo,,,
30689304-799d-4692-a6f0-e2d21c07efef,grandson.gratis,available,26.99,,high,low,8,name.com,,,
f364249b-24b7-4ffd-ae74-98a15ea2048c,enwrapped.gratis,available,23.99,23.99,medium,low,9,namesilo,,,
856a0bea-5291-4b0d-9729-d8393853b22c,adagio.gratis,available,23.99,23.99,high,low,6,namesilo,,,
c379c322-b6f2-444c-ba86-3a6e80986986,valuable.gratis,available,23.99,23.99,high,low,8,namesilo,,,
f51b1ddd-3d15-404c-bbbd-6bf05d53fa96,awed.gratis,available,23.99,23.99,high,low,4,namesilo,,,08/08/2026 00:44
d76982ff-5f91-41dd-83ea-28ef055e0b55,indate.gratis,available,23.99,23.99,medium,low,7,namesilo,,,
1a9d9977-b7f0-4b98-ae7a-90da360999a0,arid.gratis,available,24.98,31.98,high,low,4,namecheap,,,06/08/2026 18:58
687c0d3e-239c-4160-93b1-41af4c6f7c6d,definition.gratis,available,23.99,23.99,high,low,10,namesilo,,,
6f57afe2-df5b-4005-ab2e-882b14837405,associate.gratis,available,23.99,23.99,high,low,9,namesilo,,,07/08/2026 06:50
a8422e5f-84a3-4d59-9247-3796c44a75b3,cameroon.gratis,available,,,high,low,8,,,,
391cda8b-b034-43c1-8288-69d7ddb9a2a4,will.gratis,available,23.99,23.99,high,medium,4,namesilo,,,
d4817220-83c5-4df2-aa44-3c9e226678f0,ganja.gratis,available,23.99,23.99,high,low,5,namesilo,,,
2ddf7440-83ad-46a9-828d-c1a01b2e75a7,dives.gratis,available,23.99,23.99,high,low,5,namesilo,,,
29fb3a44-1a1a-4143-b226-c430cf159e15,xci.gratis,available,24.98,31.98,medium,low,3,namecheap,,,
17cf34ae-1c28-4129-8d82-c63d165320ec,aegean.gratis,available,23.99,23.99,high,low,6,namesilo,,,
41979b7d-0441-4cff-bc0c-0a460c7ca3bb,selfworth.gratis,available,23.99,23.99,high,low,10,namesilo,,,
270dc376-7c53-4d91-af81-75cfa286829d,dishwasher.gratis,available,23.99,23.99,high,low,10,namesilo,,,
0f811078-7e96-4f61-a24c-74ada0051386,apparel.gratis,available,26.99,,high,low,7,name.com,,,
52c06770-3dbc-47b6-a140-4467f4c5351e,lxi.gratis,available,23.99,23.99,medium,low,3,namesilo,,,
9bba8e92-a06a-4040-afd6-4d0d85054af3,briefcase.gratis,available,26.99,,high,low,9,name.com,,,
ed660f37-2da1-4324-a2a2-152e27644d6a,kooky.gratis,available,24.98,31.98,high,low,5,namecheap,,,06/08/2026 21:04
0f03f670-572a-4c0a-942b-975fd92e6028,shrimp.gratis,available,26.99,,high,low,6,name.com,,,
a01ff793-b361-4dd9-bdd5-3e0595ce3843,discuss.gratis,available,23.99,23.99,high,low,7,namesilo,,,
ff6536ad-3f42-4663-ad16-bd356a1b8432,wordplay.gratis,available,23.99,23.99,high,low,9,namesilo,,,
136d7d4f-dab0-44a5-b550-d5e3eb2b01e1,accessary.gratis,available,23.99,23.99,medium,low,9,namesilo,,,
43d5a849-9e5f-46e7-8b63-3c016b048c43,armada.gratis,available,23.99,23.99,high,low,6,namesilo,,,
548e6468-e046-4622-8c1c-4e60a7496ea2,when.gratis,available,23.99,23.99,high,low,4,namesilo,,,
91de0b02-cf8c-4e8f-aca6-03c87dbf8fb6,higher.gratis,available,23.99,23.99,high,low,6,namesilo,,,
43d2eb59-dbc3-4a3e-8e16-9ce3831dd4b6,storyteller.gratis,available,26.99,,high,low,11,name.com,,,
e76b0215-2195-4bc2-8d3d-4a1746f63f76,antlered.gratis,available,23.99,23.99,medium,low,8,namesilo,,,05/08/2026 20:11
19619e8b-a9a3-4f74-b88c-d56ac5f6325a,jabber.gratis,available,23.99,23.99,high,low,6,namesilo,,,
c83df40b-58b3-469e-86f5-e0afd630eeff,vice.gratis,available,23.99,23.99,high,low,4,namesilo,,,
90d379f9-0538-4a94-ab99-cdbc01e97adb,peeled.gratis,available,23.99,23.99,medium,low,6,namesilo,,,08/08/2026 18:24
d74456e8-4216-4d94-b8db-1be9fa391aa6,physic.gratis,available,23.99,23.99,high,low,6,namesilo,,,05/08/2026 22:25
405f9ccc-c73a-409d-9509-72ee1c10b55c,family.gratis,available,23.99,23.99,high,medium,6,namesilo,,,
6016bfcf-4f4b-40c3-920c-cba0b1179e44,pirate.gratis,available,23.99,23.99,high,low,6,namesilo,,,
10268f4e-cb69-46f6-a9da-760c76970284,delight.gratis,available,23.99,23.99,high,low,7,namesilo,,,
c3615963-c39b-4216-9076-5ec7064a10ad,volcano.gratis,available,23.99,23.99,high,low,7,namesilo,,,
7b37efac-58c3-4c48-a3ab-55936081fb5a,confess.gratis,available,23.99,23.99,high,low,7,namesilo,,,
27aac7c6-2fca-4045-acfe-29b7e4139a8c,endemic.gratis,available,23.99,23.99,high,low,7,namesilo,,,07/08/2026 19:26
e2dca4dd-6b00-44da-87c7-05608094b783,published.gratis,available,23.99,23.99,high,low,9,namesilo,,,
f4cf861c-392c-404b-ba7b-c295550430a3,bravo.gratis,available,,,high,low,5,,,,
6f419bdd-d628-4cb1-ab29-498a03c64cd5,pollen.gratis,available,23.99,23.99,high,low,6,namesilo,,,
1e5b7f00-0085-4358-8876-7783dd4d4612,andantino.gratis,available,23.99,23.99,medium,low,9,namesilo,,,
e824c801-869e-490e-ad8e-96b5d42c6bb1,razor.gratis,available,23.99,23.99,high,low,5,namesilo,,,
f0729bee-78dd-4446-afc4-748d60ac9130,belated.gratis,available,23.99,23.99,medium,low,7,namesilo,,,09/08/2026 12:37
59c74a8a-76e5-451a-8984-3c2d8a2abf0c,ambrosial.gratis,available,23.99,23.99,medium,low,9,namesilo,,,
20331f32-a06e-4cbe-a5e1-5cbb16207132,dave.gratis,available,23.99,23.99,high,low,4,namesilo,,,
561f29b2-50f8-4d8c-8ef2-44b7fb98e1a2,schneider.gratis,available,23.99,23.99,high,low,9,namesilo,,,
8579bc55-a552-4eb2-857b-dc0daaca6049,thoughtless.gratis,available,23.99,23.99,medium,low,11,namesilo,,,
dd8f886f-f0b6-4d5b-96c4-1dd1599ca7fd,dedicate.gratis,available,23.99,23.99,high,low,8,namesilo,,,
ca3b643c-821f-4184-8570-987642e4eb7a,bus.gratis,premium,23.6,23.6,high,low,3,namesilo,,,
4d0713ff-85f1-4d43-b837-5cf26c9ba15e,restriction.gratis,available,23.99,23.99,high,low,11,namesilo,,,
ff5275f9-a7a6-4987-a63d-7e56eb0c19a9,valued.gratis,available,23.99,23.99,high,low,6,namesilo,,,
554bc529-009f-49af-a088-67d4e10fcf30,antithetic.gratis,available,23.99,23.99,medium,low,10,namesilo,,,05/08/2026 19:49
d2756718-ba3c-41ff-aa72-c11c45d08879,faith.gratis,available,23.99,23.99,high,low,5,namesilo,,,
f5927660-3b9d-45bb-985e-008314d0882b,ring.gratis,premium,118.8,118.8,high,low,4,namesilo,,,
0177f120-d926-4603-b8ad-5231206fdbae,abounding.gratis,available,23.99,23.99,high,low,9,namesilo,,,
97f4ba84-e93c-41a2-b3be-e4877f55f0de,exposure.gratis,available,23.99,23.99,high,low,8,namesilo,,,08/09/2026 13:44
9e550fbb-9168-4c60-b1c3-72164d4d035e,captive.gratis,available,23.99,23.99,high,low,7,namesilo,,,
3f522dd7-48a4-4456-be84-0fe4d7597d62,spheric.gratis,available,23.99,23.99,medium,low,7,namesilo,,,08/08/2026 10:16
f80adf5d-f9b5-4aa8-bd21-8359dc6ddf6f,whiskered.gratis,available,23.99,23.99,medium,low,9,namesilo,,,08/08/2026 16:15
8e0ced6c-3335-4f14-91be-951ac41f7a09,bathe.gratis,available,23.99,23.99,high,low,5,namesilo,,,
95079157-2f3c-47c8-a7af-6cc29ef29c8d,union.gratis,available,23.99,23.99,high,low,5,namesilo,,,
b9641daf-0dd1-497a-93da-4acb0d150860,gulf.gratis,available,23.99,23.99,high,low,4,namesilo,,,
a6456c1e-de32-4459-b891-1e302663a9b9,ablated.gratis,available,23.99,23.99,medium,low,7,namesilo,,,
4985c256-b8e9-4c59-835f-82b281215f06,burry.gratis,available,23.99,23.99,medium,low,5,namesilo,,,08/08/2026 17:29
0d8dfb98-e5ee-4e0c-bfed-f74b79708a6b,hook.gratis,available,23.99,23.99,high,low,4,namesilo,,,
ed72a768-8b1f-432a-89d0-027acdf324b3,uproar.gratis,available,26.99,,high,low,6,name.com,,,
8e16a05f-a96d-4a63-b1d0-75d13d8c99c0,orbicular.gratis,available,23.99,23.99,medium,low,9,namesilo,,,08/08/2026 10:11
89c201a3-4f23-4e6f-a3f2-bfaa25717ea2,queen.gratis,available,23.99,23.99,high,low,5,namesilo,,,
28413029-375f-496f-951e-12085090f834,exhaustion.gratis,available,26.99,,medium,low,10,name.com,,,
e8ec7945-f08d-4f81-a4b9-3f8e0740a374,vexatious.gratis,available,23.99,23.99,medium,low,9,namesilo,,,
049322e2-90c7-4b07-b108-e84298aec20e,dislike.gratis,available,23.99,23.99,high,low,7,namesilo,,,
fccf716f-973f-4305-82d1-66c6b995b192,reminder.gratis,available,23.99,23.99,high,low,8,namesilo,,,
a8335c5a-6b3a-4aaf-b8e1-60376533ab21,aperiodic.gratis,available,23.99,23.99,medium,low,9,namesilo,,,05/08/2026 22:30
4650737c-3034-4dde-b7ab-93df8cac403a,employ.gratis,available,23.99,23.99,high,low,6,namesilo,,,08/09/2026 13:39
aa202482-cc84-4f48-9a79-887c8dbad27e,digits.gratis,available,26.99,,high,low,6,name.com,,,
369b557b-17d6-47f1-a55b-907c4dc51c52,panic.gratis,available,23.99,23.99,high,low,5,namesilo,,,
33a4edf4-2195-479d-9d1e-97fd2ec787b9,hammer.gratis,available,23.99,23.99,high,low,6,namesilo,,,
84b188f6-da59-4ea7-a15d-2137ea947d51,silvery.gratis,available,24.98,31.98,high,low,7,namecheap,,,06/08/2026 17:56
8945a717-30d2-474e-9884-f6693c0ae5e9,roast.gratis,available,26.99,,high,low,5,name.com,,,
6503c540-90e1-44dc-bc3b-0ec9c6da621c,clxxx.gratis,available,23.99,23.99,medium,low,5,namesilo,,,
082bdfe3-e6f1-4f9a-8d8f-143936716943,fence.gratis,available,23.99,23.99,high,low,5,namesilo,,,
0791ea80-5696-48bd-a864-55fcdde87d59,pungent.gratis,available,24.98,31.98,high,low,7,namecheap,,,
3cae1a99-8135-4118-9b3b-258ab4e7e983,laundry.gratis,available,23.99,23.99,high,low,7,namesilo,,,
d49a6536-7f33-4d12-bff1-1b25f5f6aab0,gun.gratis,premium,23.6,23.6,high,low,3,namesilo,,,
c37c71b7-1dd9-409d-b1b6-9932eaba3c19,mecca.gratis,available,23.99,23.99,high,low,5,namesilo,,,
4e8dfb51-30e8-40d8-b086-a3f27a01d880,paternal.gratis,available,23.99,23.99,high,low,8,namesilo,,,
2cb0811e-2cef-4bf9-9a2a-be174dd8206f,bantu.gratis,available,23.99,23.99,medium,low,5,namesilo,,,08/08/2026 14:50
e37f4e9f-0e46-451f-aa81-c796065e69bf,acoustical.gratis,available,23.99,23.99,medium,low,10,namesilo,,,
e6bcf22f-ead3-4e72-a0e2-79676139d246,superman.gratis,available,23.99,23.99,high,low,8,namesilo,,,
f099d3ca-d393-410f-9a44-33279d751bc0,baseborn.gratis,available,23.99,23.99,low,low,8,namesilo,,,08/08/2026 21:34
7d8a0562-1e19-4c62-b5f8-2f04b7cd4719,transitions.gratis,available,23.99,23.99,medium,low,11,namesilo,,,
de9c6468-2e92-4f3d-9bfd-2b38a0cbe6da,ternary.gratis,available,23.99,23.99,high,low,7,namesilo,,,
eb173d80-da79-4992-a5ed-0aae8442da63,articled.gratis,available,23.99,23.99,medium,low,8,namesilo,,,06/08/2026 08:28
cbc62baa-0071-44bc-aab1-95dff10c0d15,memorise.gratis,available,23.99,23.99,high,low,8,namesilo,,,
b8322e7f-1f90-4f41-9180-aab65ff9b402,least.gratis,available,23.99,23.99,high,low,5,namesilo,,,
f69ac242-e1ca-4249-8923-ee20f877d3e3,jimmy.gratis,available,23.99,23.99,high,low,5,namesilo,,,
14ddf354-fdf8-43f7-96c2-b7a5bd7d9b3b,extempore.gratis,available,24.98,31.98,high,low,9,namecheap,,,
f330fb90-4e75-4e94-b77f-ba66e5d403df,seafood.gratis,available,23.99,23.99,high,low,7,namesilo,,,08/09/2026 02:47
3431b472-4946-4b40-9ff4-a804020c5d04,cell.gratis,premium,118.8,118.8,high,low,4,namesilo,,,
198bbe4e-3eff-40b7-88cb-816c22e88ca8,sidelong.gratis,available,23.99,23.99,medium,low,8,namesilo,,,07/08/2026 03:26
f8420401-863b-47fb-8c5c-3522bff2c55d,flew.gratis,available,23.99,23.99,high,low,4,namesilo,,,
fcf967e2-5117-4d5a-8acf-13edb4df604d,chore.gratis,available,23.99,23.99,high,low,5,namesilo,,,
38e0504d-c012-457d-8ddf-b43e0954ad4c,xlvi.gratis,available,23.99,23.99,high,low,4,namesilo,,,
5ed67d24-6660-4921-8078-e0b2cbad6aff,extraordinary.gratis,available,23.99,23.99,high,low,13,namesilo,,,
fcc1fc3f-21bf-4206-a4dc-fceb44b06e04,chiliad.gratis,available,,,medium,low,7,,,,
5645907a-1877-4534-8ba7-5bad57562e9a,anodic.gratis,available,,,medium,low,6,,,,
cb20a615-b9cf-4af1-8487-c6e46c06dd94,insolvent.gratis,available,23.99,23.99,medium,low,9,namesilo,,,08/08/2026 13:34
4eea40ed-ffd1-4b80-9970-a68c20fb7307,diversity.gratis,available,23.99,23.99,high,low,9,namesilo,,,
715fdeb8-381a-4841-81b2-261cbbcf40b8,without.gratis,available,26.99,,high,low,7,name.com,,,
9fa47d91-feaa-41a7-87f8-c9f8af5a5b8e,possibly.gratis,available,26.99,,high,low,8,name.com,,,
f3aa5a99-ee29-43e5-a0f7-3ddbd95ee9e7,divers.gratis,available,23.99,23.99,high,low,6,namesilo,,,
2dc5f3ca-b67d-496b-ae81-8ef59a05378a,implying.gratis,available,23.99,23.99,high,low,8,namesilo,,,
84cad233-e45d-4202-ba5e-6c35d7f01841,charleston.gratis,premium,23.6,23.6,high,low,10,namesilo,,,
aa448ee8-597b-4d64-b61a-9643b2a085a9,topless.gratis,available,23.99,23.99,medium,low,7,namesilo,,,08/08/2026 18:33
c152e1cc-8617-4a7a-8196-97d3a6b9043d,outer.gratis,available,23.99,23.99,high,low,5,namesilo,,,
f7bce098-ae09-461e-97f6-70f07fdb0a58,represent.gratis,available,23.99,23.99,high,low,9,namesilo,,,
1efef0db-49fa-47be-a907-0f87d852140a,came.gratis,available,23.99,23.99,high,low,4,namesilo,,,
4bc0c494-0fd3-45ca-a423-c054eae6ee14,steer.gratis,available,23.99,23.99,high,low,5,namesilo,,,
8f6e7f84-5c93-4052-bfeb-32e8eb6c1ebb,supersize.gratis,available,23.99,23.99,high,low,9,namesilo,,,
ed29c228-1c6e-4f5f-9532-0d83e7a3f4aa,super.gratis,premium,500,500,high,medium,5,name.com,,,
6cb0243a-82a3-4035-8d01-fb108ca4033d,parallel.gratis,available,23.99,23.99,high,low,8,namesilo,,,
2b93aa25-b89f-4624-8c7c-1e2dd845df21,squint.gratis,available,23.99,23.99,high,low,6,namesilo,,,07/08/2026 03:15
42e1658a-5e5d-412a-9dd1-c6b56f3776b9,agrarian.gratis,available,24.98,31.98,high,low,8,namecheap,,,
41cd418e-6b88-46a7-8ede-cbc2c62ec167,obscure.gratis,available,23.99,23.99,high,low,7,namesilo,,,05/08/2026 21:59
1a815c57-4596-4645-a372-49a1566e54b5,info.gratis,premium,500,,high,medium,4,name.com,,,
f882867a-d646-4fbf-b185-0bcfcd264020,offspring.gratis,available,23.99,23.99,high,low,9,namesilo,,,
0b589b5c-ac03-4cb0-b384-908cbab11748,laborer.gratis,available,23.99,23.99,high,low,7,namesilo,,,
35332905-4a4a-4922-8c70-ce71d5f88755,inexpensive.gratis,available,23.99,23.99,high,low,11,namesilo,,,
68dab837-5662-4de8-92e4-5050dc02d050,airport.gratis,available,23.99,23.99,high,low,7,namesilo,,,
4fd41740-bbb7-4c8b-8552-88e3f7726f2f,threat.gratis,available,26.99,,high,low,6,name.com,,,
08c61bb0-fd57-4e9f-a252-eacedeb3c1b1,omega.gratis,available,,,high,low,5,,,,
ad742b41-1503-4e52-a874-55c0eabe371e,dictator.gratis,available,23.99,23.99,high,low,8,namesilo,,,07/08/2026 19:17
af95f397-93a8-4a93-ab12-b447da66c604,vegetable.gratis,available,23.99,23.99,high,low,9,namesilo,,,
55822a9a-8e3a-43a3-a5e0-db8d311933a5,souse.gratis,available,23.99,23.99,medium,low,5,namesilo,,,
c3a433ce-0be2-4774-a65d-0651866b6d5d,impression.gratis,available,23.99,23.99,high,low,10,namesilo,,,
44500717-dc89-4d82-8269-e9cf580f7963,abloom.gratis,available,23.99,23.99,medium,low,6,namesilo,,,
20120468-6606-4eb4-bd28-d130649ced66,shy.gratis,premium,23.6,23.6,high,low,3,namesilo,,,
276e5a03-e940-4040-9c0f-e3a8cc0b7cfb,buzzing.gratis,available,23.99,23.99,high,low,7,namesilo,,,
0e0e314c-2b37-450a-a0e4-632c771525b6,propagated.gratis,available,23.99,23.99,medium,low,10,namesilo,,,
10dcf53d-cdcb-4291-8f2a-de508552810f,arterial.gratis,available,23.99,23.99,high,low,8,namesilo,,,06/08/2026 22:29
6f0a551d-355e-4d33-b02c-4389cc2f0d20,anglican.gratis,available,,,high,low,8,,,,
d561cb63-3b3c-47e7-8d59-6b3c624d67f4,husky.gratis,available,,,high,low,5,,,,
a2bfc667-2a78-4f0a-8ae8-6dbe06be1c02,success.gratis,available,23.99,23.99,high,low,7,namesilo,,,
0f8bf173-993b-414f-9ec4-47d443574839,greg.gratis,available,23.99,23.99,high,low,4,namesilo,,,
a1ad5b02-2d20-46bc-b9f4-6460092777dd,carnal.gratis,available,23.99,23.99,high,low,6,namesilo,,,
1ba78eb1-23a8-405e-a29c-c0ad66f58063,autarkic.gratis,available,23.99,23.99,medium,low,8,namesilo,,,07/08/2026 18:47
5982e69c-699b-4200-9bfb-1b4d55c36888,consumer.gratis,available,23.99,23.99,high,low,8,namesilo,,,
54a976d0-0b91-415d-98f7-a986cb187625,twine.gratis,available,23.99,23.99,high,low,5,namesilo,,,
c0ecf60f-eec4-4408-b38c-9b9045b3cb1c,ropes.gratis,available,23.99,23.99,medium,low,5,namesilo,,,
ce2ea89a-b569-448d-be70-4ca5bda72b5c,veteran.gratis,available,23.99,23.99,high,low,7,namesilo,,,
febe2bee-f2b6-41df-b26f-f7e5f9f3fc6e,jan.gratis,premium,23.6,23.6,high,low,3,namesilo,,,
5c618cf7-826c-4d87-aa51-3750d489194e,floor.gratis,available,23.99,23.99,high,low,5,namesilo,,,08/09/2026 02:52
ca1de7cc-abbe-493f-88b0-1a2db1e4db88,kangeroo.gratis,available,23.99,23.99,high,low,8,namesilo,,,
ad96e640-328b-4979-9102-9307a90eaf72,ingenuous.gratis,available,23.99,23.99,medium,low,9,namesilo,,,06/08/2026 23:41
7ac62dfa-c608-4c9d-9eaf-dec06e40a0c6,assured.gratis,available,23.99,23.99,high,low,7,namesilo,,,07/08/2026 08:21
cde1e2b3-c538-479e-9998-eb656adfd510,class.gratis,available,26.99,,high,low,5,name.com,,,
515227e3-1f20-44c0-8a42-4c1e165f7eb9,laid.gratis,available,23.99,23.99,high,low,4,namesilo,,,
c336a916-c2b3-46a7-ab99-f172a80ccbd7,muffin.gratis,available,26.99,,high,low,6,name.com,,,
b868acbd-a684-4df3-8a3d-27fdd17ad757,expire.gratis,available,26.99,,high,low,6,name.com,,,
9d3e8daa-c0e6-43f1-b4c6-ce470f4e2001,opposable.gratis,available,23.99,23.99,medium,low,9,namesilo,,,06/08/2026 07:43
025eae97-8563-4749-bcbd-7d9c319dcfc3,amuck.gratis,available,23.99,23.99,medium,low,5,namesilo,,,
eb82bc17-8614-4f71-bfbe-e039c46bd2a8,potential.gratis,available,23.99,23.99,high,low,9,namesilo,,,
b55011e8-8243-4b22-adc9-c07929694775,daddy.gratis,available,23.99,23.99,high,low,5,namesilo,,,
30d5a943-761b-4983-9d79-64c5a1e0301b,affixal.gratis,available,23.99,23.99,medium,low,7,namesilo,,,
13699a83-51f3-435a-b4a7-afe9ad2afa73,rep.gratis,premium,23.6,23.6,high,low,3,namesilo,,,
7d101fe9-173f-4bf3-957d-ee5322a78f02,league.gratis,available,23.99,23.99,high,low,6,namesilo,,,
946a0c87-1263-4ab3-a9eb-e327f809ad39,timer.gratis,available,26.99,,high,low,5,name.com,,,
f9bd1e1b-fcb4-4f6b-8a56-8b160611ff68,theirs.gratis,available,26.99,,medium,low,6,name.com,,,
bb93949c-2b9f-455f-951a-7a803555226e,fake.gratis,available,23.99,23.99,high,low,4,namesilo,,,08/08/2026 23:02
9ac96949-58e5-49b5-b7f2-79011f4205f3,award.gratis,available,23.99,23.99,high,low,5,namesilo,,,
56f7e697-2b02-48ca-94f4-496f631042bf,sweat.gratis,available,23.99,23.99,high,low,5,namesilo,,,
74e89a0b-0124-4788-be5b-4487ab678ada,quantities.gratis,available,23.99,23.99,low,low,10,namesilo,,,
06853581-bf7d-491b-aaf8-5e3cd6146fe6,purposes.gratis,available,23.99,23.99,medium,low,8,namesilo,,,
ba74bf25-cd58-4dfb-b8a7-24abd7abb79a,spanish.gratis,premium,23.6,23.6,high,low,7,namesilo,,,
14e0a410-535c-46de-8d49-8f21e0cb6d46,life.gratis,premium,260,260,high,medium,4,namecheap,,,
173ad5b2-69ba-4ec2-b6e3-bc638cb3ee83,implied.gratis,available,23.99,23.99,high,low,7,namesilo,,,
cba83d74-036d-4084-8a4c-b70a3cc623b6,atlantic.gratis,available,23.99,23.99,high,low,8,namesilo,,,07/08/2026 13:38
d876d49e-1b68-4e21-a130-97bccf1a7fc7,cry.gratis,premium,23.6,23.6,high,low,3,namesilo,,,
23b322aa-47d6-4018-bc3f-608b191f8675,loving.gratis,available,23.99,23.99,high,low,6,namesilo,,,
43669106-fa39-4e69-a125-0b442181ce1c,length.gratis,available,23.99,23.99,high,low,6,namesilo,,,
cdaf1628-a74b-4241-9073-30774e78c244,sets.gratis,available,23.99,23.99,medium,low,4,namesilo,,,
d627992a-3c44-4593-8d86-60922b710210,youngest.gratis,available,23.99,23.99,high,low,8,namesilo,,,
722a648f-40c0-49fc-b201-af0c1594174d,anecdotal.gratis,available,23.99,23.99,high,low,9,namesilo,,,
3d848234-f7b7-4964-b34a-fdc0abf2ab1e,unwell.gratis,available,24.98,31.98,high,low,6,namecheap,,,
4826c699-a4b1-48db-90f1-0056b6761c27,compensate.gratis,available,26.99,,high,low,10,name.com,,,
be9612e0-592b-4846-ac4b-b1c049e845b6,theme.gratis,available,23.99,23.99,high,low,5,namesilo,,,
f817a0db-93ad-4ead-b2b8-64dd27b7856b,seemly.gratis,available,23.99,23.99,medium,low,6,namesilo,,,09/08/2026 06:27
4b1005a6-5e3d-422f-be71-9b7c7d306d20,anyone.gratis,available,26.99,,high,low,6,name.com,,,
c1821f2f-e04a-4eda-943e-4db6e2f2868d,boxers.gratis,available,26.99,,high,low,6,name.com,,,
6ab704e9-9293-41a8-9dce-da14ceaf7c49,beyond.gratis,available,23.99,23.99,high,medium,6,namesilo,,,
12d229fb-2e32-4406-b369-abcf704a0d97,transparency.gratis,available,23.99,23.99,high,low,12,namesilo,,,
8d7842da-a519-4e4c-b13d-71807945a20c,banging.gratis,available,23.99,23.99,high,low,7,namesilo,,,08/08/2026 13:03
63d5d9f1-8020-4fcb-9a97-2c3a807a1430,appropriately.gratis,available,23.99,23.99,medium,low,13,namesilo,,,
da5cbb43-4d57-4ea4-afd5-69bfc1a3ea9a,appointed.gratis,available,23.99,23.99,high,low,9,namesilo,,,06/08/2026 07:21
577d66b9-14b8-4085-aeeb-ddc262038e30,allergist.gratis,available,23.99,23.99,medium,low,9,namesilo,,,
2fa2c082-1461-4024-a114-0d0a2b63408a,abdicable.gratis,available,23.99,23.99,medium,low,9,namesilo,,,
d9dea633-f4e0-4bd0-9626-1d19c91e9362,worth.gratis,available,23.99,23.99,high,low,5,namesilo,,,
dc9834cf-f8f3-43f5-95d4-0bebd6008508,brow.gratis,available,26.99,,high,low,4,name.com,,,
40061174-723a-4b50-992b-145b47b590fc,pair.gratis,available,23.99,23.99,high,low,4,namesilo,,,
021075b3-e5b6-47de-91c1-6f76f71d6ddb,exactly.gratis,available,23.99,23.99,high,low,7,namesilo,,,
ae091043-55e8-49a0-8b47-9b2c59defc9e,ape.gratis,premium,23.6,23.6,high,low,3,namesilo,,,
c3e023cb-6e3e-460b-9bcb-1c4cd6844ec3,asocial.gratis,available,23.99,23.99,medium,low,7,namesilo,,,07/08/2026 04:36
5b40562e-a0fa-4549-8f64-76be1dc783df,ameboid.gratis,available,23.99,23.99,medium,low,7,namesilo,,,
1740c99c-ba5e-4b2b-8f40-b141d0452d1d,fauna.gratis,available,23.99,23.99,high,low,5,namesilo,,,
e3e9dff7-2684-4749-8dfa-232bf685d51a,walk.gratis,available,23.99,23.99,high,low,4,namesilo,,,
68a478b9-95cd-4952-8fe1-b1294d2ebd74,simpler.gratis,available,23.99,23.99,high,low,7,namesilo,,,
565a9527-68ea-486c-8eb3-2ba5086266e9,rid.gratis,premium,23.6,23.6,high,low,3,namesilo,,,
81541a44-1ddc-4500-9082-39dcbeaf8951,ruled.gratis,available,26.99,,high,low,5,name.com,,,
0960221c-d921-45c7-908d-78f292f7ba65,foreign.gratis,available,23.99,23.99,high,low,7,namesilo,,,
6db4a9bf-21d5-4a9a-99ff-03d8fa28c69c,friend.gratis,available,23.99,23.99,high,low,6,namesilo,,,
d49cc301-6324-4fab-a6d0-8345775f888b,often.gratis,available,26.99,,high,low,5,name.com,,,
9a5f25a0-a284-43c7-8973-2d1cc1e37df1,complicated.gratis,available,23.99,23.99,high,low,11,namesilo,,,
1bfc0786-8e65-4ff2-9cd6-d9b18863032b,enlighten.gratis,available,23.99,23.99,high,low,9,namesilo,,,
27af93a0-3afd-49e5-bc53-22eecf08ff35,rare.gratis,available,23.99,23.99,high,medium,4,namesilo,,,
b29f3a50-02a5-492b-a4a2-99bfd84a1ba3,groups.gratis,premium,23.6,23.6,high,low,6,namesilo,,,
24056384-0a27-42d6-bf38-8cc9621a1fc2,difficulty.gratis,available,23.99,23.99,high,low,10,namesilo,,,
0d70ec37-b919-464b-9ddd-5bfea57bb4ee,bidens.gratis,available,23.99,23.99,high,low,6,namesilo,,,
61e7e7ac-ce85-4f9c-b320-8ce7631e3135,jasmine.gratis,available,23.99,23.99,high,low,7,namesilo,,,08/09/2026 14:04
73dab82b-30a7-45ae-a699-fde0722be27f,mills.gratis,available,26.99,,high,low,5,name.com,,,
ce63a7d1-30db-490a-a7bf-1ac0d8f46395,rake.gratis,available,23.99,23.99,high,low,4,namesilo,,,
6b0b0b2c-fec6-41ff-bbc4-5afcd6ec736b,accoutered.gratis,available,23.99,23.99,medium,low,10,namesilo,,,
131bc7a7-5084-4529-9638-256efa1e895b,median.gratis,available,23.99,23.99,high,low,6,namesilo,,,
b9103d99-2f0a-444d-bdd5-1318c760b789,acinose.gratis,available,23.99,23.99,medium,low,7,namesilo,,,
d16f8730-4123-4c81-8aa9-9f298cc87ac4,kitschy.gratis,available,23.99,23.99,medium,low,7,namesilo,,,09/08/2026 00:53
a34b1330-4b23-4606-92f1-8a2d66bf61c0,capitalise.gratis,available,23.99,23.99,high,low,10,namesilo,,,
8c1de0e7-4bc0-4188-aee5-fb3c4a261880,canal.gratis,premium,23.6,23.6,high,low,5,namesilo,,,
70a41d6a-0bcf-4ab0-905e-93e9890aa275,produce.gratis,available,23.99,23.99,high,low,7,namesilo,,,
eb60820e-8d51-4ff6-8744-b7c03d5a0fbe,album.gratis,available,23.99,23.99,high,low,5,namesilo,,,
1f4cdb20-be25-40a7-b811-77bac5c47bf7,marooned.gratis,available,23.99,23.99,medium,low,8,namesilo,,,
e5e7b7b0-aee0-4cad-bd15-35f9c51550e6,ariled.gratis,available,24.98,31.98,medium,low,6,namecheap,,,06/08/2026 19:09
0f39cd77-934e-4b53-93ee-fab84619c420,congregation.gratis,available,23.99,23.99,high,low,12,namesilo,,,
7d5fb93a-dc70-43a3-9035-17058dd05c1b,sec.gratis,premium,23.6,23.6,high,low,3,namesilo,,,
e3b0659e-3ad7-4512-8fa0-dab2c30ded6b,leaning.gratis,available,23.99,23.99,high,low,7,namesilo,,,07/08/2026 13:24
aaa3506c-90cb-4883-8cc6-227814be7050,optionally.gratis,available,23.99,23.99,high,low,10,namesilo,,,
4e874857-8d14-4990-99ff-7c080ec36694,entirely.gratis,available,23.99,23.99,high,low,8,namesilo,,,
43b66999-11ee-4418-b901-a70007be1bab,clock.gratis,available,23.99,23.99,high,low,5,namesilo,,,
1ccadd4f-52fc-46c8-8a9b-46f8f6786536,urge.gratis,available,23.99,23.99,high,low,4,namesilo,,,
bae903ba-8fff-44ce-9dc1-69a3e2f6656c,anemic.gratis,available,23.99,23.99,high,low,6,namesilo,,,
df8e95d4-4f96-499b-a457-017dbb8e5383,fedex.gratis,available,23.99,23.99,high,low,5,namesilo,,,
85402c3e-2084-461e-bc0a-4ba6c804a384,needing.gratis,available,23.99,23.99,high,low,7,namesilo,,,
d9e2a4f8-1a4e-4594-9ce4-bf424040be45,grownup.gratis,available,23.99,23.99,high,low,7,namesilo,,,
499f55dd-6213-455d-9059-f9e5067cd7c7,whom.gratis,available,23.99,23.99,medium,low,4,namesilo,,,
e579bca8-d6a5-4e58-9d10-5e63603a5a70,neck.gratis,available,23.99,23.99,high,low,4,namesilo,,,
875e2ee3-e49c-432c-bffa-90346a15bca8,lordly.gratis,available,23.99,23.99,high,low,6,namesilo,,,07/08/2026 17:05
d207add0-7281-46ef-ba39-e7a038f29c6a,believable.gratis,available,23.99,23.99,high,low,10,namesilo,,,09/08/2026 13:01
8db2683f-ff24-4e63-8963-0746e9da3213,siri.gratis,available,,,high,low,4,,,,
fce0020d-4a3b-4c75-ba76-92be185fa953,pentium.gratis,available,23.99,23.99,high,low,7,namesilo,,,
1eb57972-9145-4be0-b882-24af3deac6f9,closely.gratis,available,23.99,23.99,high,low,7,namesilo,,,
ac42f9a6-0b5c-448f-944e-7136da9d953f,specification.gratis,available,23.99,23.99,high,low,13,namesilo,,,
2bd1ced5-3c4d-4f52-9ed2-422607177fba,autogenous.gratis,available,24.98,31.98,medium,low,10,namecheap,,,07/08/2026 20:16
b5bce9ae-4675-4a4a-81bb-8f0acf737cb6,hangout.gratis,available,23.99,23.99,high,low,8,namesilo,,,
ab9da883-4f4a-45e0-824d-60006967547a,detective.gratis,available,23.99,23.99,high,low,9,namesilo,,,
e351ceba-ba18-477c-9187-947fa12b50be,seals.gratis,available,23.99,23.99,high,low,5,namesilo,,,
6f475076-e7e9-431e-94f6-484baf68ee69,moved.gratis,available,23.99,23.99,high,low,5,namesilo,,,
1fae48b0-c611-455f-8f31-0bd31133c98d,circle.gratis,available,26.99,,high,medium,6,name.com,,,
df4311ec-b54e-40b8-8cec-cc57ab0a328f,come.gratis,available,23.99,23.99,high,low,4,namesilo,,,
e1b55f06-e2ea-425b-bbfc-e4294a35cdf0,crap.gratis,available,23.99,23.99,high,low,4,namesilo,,,
e5a33044-621f-44a4-a79a-d1c280d06544,eat.gratis,premium,242,242,high,low,3,namesilo,,,
683dc46f-e043-4d82-8b5d-cb86350459bd,coffin.gratis,available,23.99,23.99,medium,low,6,namesilo,,,
2b363afd-a914-4adf-b466-88873431cf4c,allotted.gratis,available,23.99,23.99,high,low,8,namesilo,,,
ac07ac3d-0762-4df7-b12f-a5e137787d9a,pussy.gratis,premium,242,242,high,low,5,namesilo,,,
395b71e0-8521-4d54-aeb3-388711dca4bc,outing.gratis,available,23.99,23.99,high,low,6,namesilo,,,
95618fd8-51a8-40c2-8388-c62204b8d641,psycho.gratis,available,23.99,23.99,high,low,6,namesilo,,,
b7dfe528-2a06-4f79-b5bf-2bef79f56e05,babe.gratis,available,23.99,23.99,high,low,4,namesilo,,,
6919e150-57b2-4f25-ba5d-c9c8567124a3,newspaper.gratis,available,23.99,23.99,high,low,9,namesilo,,,
076a26fb-e034-4fb3-bfd3-bbe27d4fd403,untrustworthy.gratis,available,23.99,23.99,medium,low,13,namesilo,,,
22513168-5e7f-4225-a6c4-71a10a919d91,sanctioned.gratis,available,23.99,23.99,high,low,10,namesilo,,,06/08/2026 09:24
3475b258-6c62-4f99-86b9-7c14f3a63e19,daring.gratis,available,23.99,23.99,high,low,6,namesilo,,,07/08/2026 21:39
ca09b6b8-5a0e-4db1-af15-84e0efe6afea,panoplied.gratis,available,23.99,23.99,medium,low,9,namesilo,,,06/08/2026 21:42
294cc798-de65-47ee-9bb2-e9903be1c531,passion.gratis,available,23.99,23.99,high,low,7,namesilo,,,
092f1e58-e012-460f-bbfe-2d624c5a81cc,history.gratis,available,23.99,23.99,high,low,7,namesilo,,,
2b39e5c0-a9da-4347-b536-b58b690821c0,group.gratis,available,23.99,23.99,high,low,5,namesilo,,,
573c27cc-0e1c-4d05-842a-72ca972ae92f,antemortem.gratis,available,23.99,23.99,medium,low,10,namesilo,,,
9735ff3b-6191-40c6-9982-6048bf1baad7,argentic.gratis,available,24.98,31.98,medium,low,8,namecheap,,,06/08/2026 18:06
eade6b4e-89cf-4b25-a304-1e2b694cd1fc,closer.gratis,available,23.99,23.99,high,low,6,namesilo,,,
50b3c3ed-bc8a-4b01-92ab-9ebc15bb8b82,shaking.gratis,available,23.99,23.99,high,low,7,namesilo,,,
13dd1476-4f64-4c8f-a2e1-007cff3883e4,mouth.gratis,available,23.99,23.99,high,low,5,namesilo,,,08/09/2026 03:51
b3d64730-1be4-4857-aa14-44e277a88f63,mmr.gratis,premium,23.6,23.6,high,low,3,namesilo,,,
e720b6b5-a439-42a8-8e59-3df0f7008a17,proper.gratis,available,23.99,23.99,high,low,6,namesilo,,,
86ab74fc-acea-4619-acd6-e9a53c1324eb,understood.gratis,available,23.99,23.99,high,low,10,namesilo,,,
bf8e9671-3382-4250-b538-76b6545e82c7,wonder.gratis,available,23.99,23.99,high,medium,6,namesilo,,,
3d8b5c2b-6320-45a8-960d-adcbd6343dcb,fix.gratis,premium,23.6,23.6,high,low,3,namesilo,,,
4acb8119-c945-4e43-a878-19777319e9d1,spoon.gratis,available,23.99,23.99,high,low,5,namesilo,,,
e0d9ffbb-bd2b-41b5-97c2-047bb76f7e8f,wired.gratis,available,23.99,23.99,high,low,5,namesilo,,,
19780631-cbb4-4e7c-a346-e8e2a877ccde,introduced.gratis,available,23.99,23.99,high,low,10,namesilo,,,
d94a5446-0abe-4cee-aeea-42555c708fe0,threesome.gratis,available,23.99,23.99,high,low,9,namesilo,,,
32ba6587-8540-4984-b597-9c66769cb1d1,airlike.gratis,available,23.99,23.99,high,low,7,namesilo,,,
b44b37d4-1df2-47bb-944f-b2e31da9240a,accurst.gratis,available,23.99,23.99,medium,low,7,namesilo,,,
921659ec-2080-468c-9ac7-8f0c6c1648b7,chesty.gratis,available,23.99,23.99,medium,low,6,namesilo,,,06/08/2026 22:08
6bab0370-f1e1-4391-b7c2-9afa73212a6f,truant.gratis,available,23.99,23.99,high,low,6,namesilo,,,08/08/2026 01:41
3bf7f619-a7e8-44e4-9264-18c2a9352229,walking.gratis,available,23.99,23.99,high,low,7,namesilo,,,
1517631f-40b5-4f92-9a47-29baccfd101f,cloud.gratis,resell,,,high,medium,5,Tucows Domains Inc.,02/09/2014 08:01,02/09/2028 08:01,08/09/2026 12:26
382d164b-9afb-4afe-b7fe-d14bb9f773a3,hassle.gratis,available,26.99,,high,low,6,name.com,,,
7016444d-fcd4-4f6c-89c1-61c2b22e7355,publicity.gratis,available,23.99,23.99,high,low,9,namesilo,,,
1fca1034-086f-4312-9b85-1a3658e4df96,lying.gratis,available,23.99,23.99,high,low,5,namesilo,,,
34604796-80b2-42f9-9815-f78080cf985e,where.gratis,available,23.99,23.99,high,low,5,namesilo,,,
9d68377b-0cca-419e-a537-8522bd2e9e10,attained.gratis,available,23.99,23.99,high,low,8,namesilo,,,07/08/2026 15:07
021ade20-22bc-4304-ae17-8be9a25a0b3b,lens.gratis,available,,,high,low,4,,,,
cdf63678-ad7b-49dc-bb8c-56be0b423196,medals.gratis,available,23.99,23.99,high,low,6,namesilo,,,
99d65c28-eb6d-4be0-9932-6162e0b60cf6,whose.gratis,available,23.99,23.99,high,low,5,namesilo,,,
0dd2274c-48e8-4654-b34b-f951c7cfa016,burger.gratis,available,26.99,,high,low,6,name.com,,,
dac69c70-00a0-48da-a79d-7cfec039c820,azonic.gratis,available,23.99,23.99,medium,low,6,namesilo,,,08/08/2026 02:32
d7afa706-40aa-4181-9707-36270f9123de,latest.gratis,available,23.99,23.99,high,low,6,namesilo,,,
c2867e02-c8c4-40e2-877d-2663c5c09a7b,macro.gratis,available,23.99,23.99,high,low,5,namesilo,,,
379cd061-27f5-43a5-88f3-3737bcaaaf23,indiana.gratis,premium,23.6,23.6,high,low,7,namesilo,,,
8639000e-b117-4638-9f8a-74c88fa7058d,accident.gratis,available,23.99,23.99,high,low,8,namesilo,,,
1384961c-18d7-461c-aab3-e5f1c5453ec5,inhale.gratis,available,23.99,23.99,high,low,6,namesilo,,,
3246b3a8-41e0-4772-8eb5-0e81a201c6b5,expose.gratis,available,23.99,23.99,high,low,6,namesilo,,,
8a14a43a-ec78-4891-b62d-9915c6845e30,kleenex.gratis,available,23.99,23.99,high,low,7,namesilo,,,
de1cb00e-cc44-4184-ac7a-ea3506cefa2a,barky.gratis,available,23.99,23.99,medium,low,5,namesilo,,,08/08/2026 19:46
5f759cbe-4858-4900-8a86-40c836833108,connect.gratis,available,23.99,23.99,high,medium,7,namesilo,,,07/08/2026 07:16
212266b9-8fd4-4ba2-b62b-31f40511d591,invented.gratis,available,23.99,23.99,high,low,8,namesilo,,,
920ba2b3-1725-4151-bed7-d1204919e1b3,guitar.gratis,available,26.99,,high,low,6,name.com,,,
a4d91c93-713a-4e56-8ff1-95ada4bf1a1c,reset.gratis,available,,,high,low,5,,,,
a22a00dd-f0d9-472c-a167-d619dcdd1352,won.gratis,premium,23.6,23.6,high,low,3,namesilo,,,
f5920764-14ab-4f66-9402-63fce0665311,conducting.gratis,available,23.99,23.99,high,low,10,namesilo,,,
7d323bf4-53c8-4a6c-b200-ca4a42fa23b6,fee.gratis,premium,23.6,23.6,high,low,3,namesilo,,,
8827c570-516a-4525-a0d7-67af69769d35,tragic.gratis,available,23.99,23.99,high,low,6,namesilo,,,
7055437f-6032-4300-84e9-10116e616780,annotated.gratis,available,23.99,23.99,high,low,9,namesilo,,,
feb9eef5-30d7-4e7c-aeac-7e68ecd22426,azo.gratis,available,23.99,23.99,high,low,3,namesilo,,,08/08/2026 02:17
968fc7db-285c-4c3e-a469-4896cc3a3c94,pool.gratis,premium,23.6,23.6,high,low,4,namesilo,,,
6cb111a4-cbe1-46aa-aba6-7c98f776eefb,salary.gratis,available,23.99,23.99,high,low,6,namesilo,,,
30411648-e57f-454e-a0e3-b886d98b72f3,redemption.gratis,available,23.99,23.99,high,low,10,namesilo,,,
782a5e8f-fbe6-4ad5-b2a3-8ca0a72e59f2,emotive.gratis,available,23.99,23.99,high,low,7,namesilo,,,
c35e5801-0936-4a23-a50f-1361b89edb24,orangutan.gratis,available,23.99,23.99,high,low,9,namesilo,,,
229f375d-8c2a-4770-b7c4-5d90ca8b4cec,adequately.gratis,available,23.99,23.99,high,low,10,namesilo,,,
a371ccc5-7434-433a-895b-db82fb91e05d,allies.gratis,available,23.99,23.99,high,low,6,namesilo,,,
3171495e-8869-4c24-a264-d4a2a82355ea,veer.gratis,available,23.99,23.99,high,low,4,namesilo,,,
dbf4c6c0-b1e1-4d54-b852-aa0a77adc88f,tasking.gratis,available,23.99,23.99,high,low,7,namesilo,,,
bbf0018d-4165-4d87-b6da-b771dd82fbe8,passionately.gratis,available,23.99,23.99,high,low,12,namesilo,,,
86f2c20c-18d4-4acb-99d2-04a3ce7443a8,verify.gratis,available,23.99,23.99,high,medium,6,namesilo,,,
fcfc5073-be20-46f2-9c64-626557993a9f,furtive.gratis,available,23.99,23.99,medium,low,7,namesilo,,,08/08/2026 06:32
6666e404-1861-4557-ad58-d77d7c5631cd,antigenic.gratis,available,24.98,31.98,medium,low,9,namecheap,,,
0df16692-e31c-4d30-840d-aedcaa47e44f,liv.gratis,available,23.99,23.99,high,low,3,namesilo,,,
f1207882-c5f1-4b46-bc9b-1269457c177c,grimy.gratis,available,23.99,23.99,medium,low,5,namesilo,,,09/08/2026 09:25
719ff310-38c6-4e3f-9bdd-4c7c79ce7602,adscript.gratis,available,23.99,23.99,medium,low,8,namesilo,,,
e944d42c-f4d1-46f8-9cb4-e5a077f0869a,expedition.gratis,available,23.99,23.99,high,low,10,namesilo,,,
45cffed2-20d8-42cd-a328-81d2d1859526,befuddled.gratis,available,23.99,23.99,medium,low,9,namesilo,,,07/08/2026 11:41
0c8a2301-d162-4fd4-b0be-a34c8a014567,asiatic.gratis,available,23.99,23.99,medium,low,7,namesilo,,,07/08/2026 02:29
f4f75191-4ae2-41cd-b99c-2dc14be69b9a,flourishing.gratis,available,26.99,,high,low,11,name.com,,,
7051e99b-dbc2-4385-addb-750c7a835c2f,philips.gratis,available,,,high,low,7,,,,
b66ec45c-cd91-4e30-9587-cec7d32ac031,marihuana.gratis,available,23.99,23.99,high,low,9,namesilo,,,
1d29f3bc-deaa-40ae-ba31-11385c36bf9f,unceasing.gratis,available,23.99,23.99,high,low,9,namesilo,,,
d8e04e25-60e2-479b-a713-2d10c2eb6d5a,agnatic.gratis,available,23.99,23.99,medium,low,7,namesilo,,,
6566afa6-4566-4407-81c0-5812a8a9af86,voluntarily.gratis,available,23.99,23.99,high,low,11,namesilo,,,
76524257-2f1a-48ac-8b7b-127c4690bd40,phony.gratis,available,23.99,23.99,high,low,5,namesilo,,,08/08/2026 23:09
a7c22dee-b75f-4fb4-8523-e2b18dfb0520,daft.gratis,available,23.99,23.99,high,low,4,namesilo,,,06/08/2026 20:50
d84f503e-4e19-4fff-be67-e4f06dc02b6d,april.gratis,available,,,high,low,5,,,,
1a851db7-25cc-4e44-b648-938365599f84,analyzed.gratis,available,23.99,23.99,high,low,8,namesilo,,,
329153e7-9f92-4bc2-bc2b-3493776f06d5,pittsburgh.gratis,premium,23.6,23.6,high,low,10,namesilo,,,
01dedc57-c03e-4497-987b-6cd938190c46,amorphous.gratis,available,23.99,23.99,medium,low,9,namesilo,,,
e4dd868e-4fa7-4959-a073-7a356865944d,supermodel.gratis,available,26.99,,high,low,10,name.com,,,
333a1c4e-ad7f-4cf2-943e-ca197cd893c1,seagull.gratis,available,23.99,23.99,high,low,7,namesilo,,,
8786e395-a21a-4585-a1f9-0909dd549016,invisible.gratis,available,23.99,23.99,high,low,9,namesilo,,,
a9442a82-5d47-495a-9942-b80174fab586,ashy.gratis,available,23.99,23.99,high,low,4,namesilo,,,07/08/2026 02:04
9f94011a-7de2-40d3-955d-0480336b4989,exhibition.gratis,available,23.99,23.99,high,low,10,namesilo,,,
078d65db-6a3f-4144-9e23-2c650535d36c,cocktail.gratis,available,23.99,23.99,high,low,8,namesilo,,,
cfbb55bd-f3a2-47da-a209-ae33cc385901,monstrous.gratis,available,23.99,23.99,high,low,9,namesilo,,,07/08/2026 14:47
5d3f8674-10e1-4a54-b3b4-1969f88c6ca0,dna.gratis,premium,23.6,23.6,high,medium,3,namesilo,,,
5f8549d4-0537-476f-ab2a-51a605cfc0c4,proactive.gratis,available,23.99,23.99,high,low,9,namesilo,,,
2a2f9eb5-ab81-4048-8c80-ac666dc539eb,invincible.gratis,available,23.99,23.99,high,low,10,namesilo,,,
648626db-e2f9-48bb-b852-b7de0020d193,journalism.gratis,available,23.99,23.99,high,low,10,namesilo,,,
c299c0b6-9766-4fbb-b51c-d8576c38a09f,confusion.gratis,available,23.99,23.99,high,low,9,namesilo,,,
25653f23-77d9-4498-a4bc-5c4f2e95f3c6,lunar.gratis,available,23.99,23.99,high,low,5,namesilo,,,
a81bf66c-b657-43a2-902f-909c8d691169,immense.gratis,available,23.99,23.99,high,low,7,namesilo,,,
ddffe66f-bc11-4a49-a1c9-1fe80844183e,munich.gratis,premium,26.99,,high,low,6,name.com,,,
a26b25a7-7c1a-406a-b6f7-a7bffb55ad0a,showed.gratis,available,23.99,23.99,medium,low,6,namesilo,,,
c7d4706c-15ae-42fa-b091-f8b1e44810b7,bald.gratis,available,23.99,23.99,medium,low,4,namesilo,,,08/08/2026 09:16
fa8a52da-cc49-4994-97f2-ba5d9bdc6851,tons.gratis,available,26.99,,high,low,4,name.com,,,
795ad174-d66c-46c2-9c12-5db1f3239088,shrek.gratis,available,,,high,low,5,,,,
0e720190-5a20-48b3-a317-c10394f7a2ed,decay.gratis,available,26.99,,high,low,5,name.com,,,
ca690389-425a-46c8-9c3d-59a68838fcc2,arresting.gratis,available,23.99,23.99,high,low,9,namesilo,,,06/08/2026 21:47
80371369-092f-4518-8e72-57c7639c8e4a,oneself.gratis,available,23.99,23.99,high,low,7,namesilo,,,
8245e2d9-4d20-48e4-b564-ef5085dbc1b1,tormented.gratis,available,23.99,23.99,medium,low,9,namesilo,,,
7456a265-b797-4d8b-a8f5-854a7da6fc49,anabatic.gratis,available,23.99,23.99,medium,low,8,namesilo,,,
6669d51d-b3d5-490f-bf18-6b16db401f3a,rose.gratis,available,26.99,,high,medium,4,name.com,,,
12e75c99-65b2-4da3-858d-ffd8ede46617,hybrid.gratis,available,23.99,23.99,high,low,6,namesilo,,,
d586f682-6bcd-4866-8008-000c485d9c8d,rhythmic.gratis,available,26.99,,high,low,8,name.com,,,
2bf2540d-99ce-4e13-a6eb-ec3d189ec00c,evacuate.gratis,available,23.99,23.99,high,low,8,namesilo,,,
7ce98da3-eb77-4f22-9886-f132347175ab,communicate.gratis,available,23.99,23.99,high,low,11,namesilo,,,
f6ce6654-192e-4ef8-a48b-f99cbdef8860,stars.gratis,premium,23.6,23.6,high,low,5,namesilo,,,
4c5bb966-5751-49e3-8d35-fe862bcb2fa1,dandy.gratis,available,23.99,23.99,high,low,5,namesilo,,,08/08/2026 12:30
66f0f5dd-84cc-4db3-85d5-124b9a20f161,alchemic.gratis,available,23.99,23.99,medium,low,8,namesilo,,,
eec310c5-2dbc-4124-84b3-b9fa43e55f98,animals.gratis,available,26.99,,high,low,7,name.com,,,
d8c0ccbd-3b79-4fff-872b-b66069062d8a,cnn.gratis,available,23.99,23.99,high,low,3,namesilo,,,
0f7f39c6-274e-4945-a1e6-09e9c8ce44d8,grip.gratis,available,23.99,23.99,high,low,4,namesilo,,,
a20657ea-d95a-44be-956d-7295250feed5,maybe.gratis,available,26.99,,high,low,5,name.com,,,
5920eeed-62f0-47e1-801c-a4c472f35b5d,atrial.gratis,available,23.99,23.99,low,low,6,namesilo,,,07/08/2026 14:24
958ff23f-1775-43ce-99e3-bd41cdfa61a1,significantly.gratis,available,23.99,23.99,medium,low,13,namesilo,,,
257a3532-bf9d-4545-b183-6a69a4cae815,deviate.gratis,available,23.99,23.99,high,low,7,namesilo,,,
5d96a27f-f3e3-4346-80f7-bb94374580e8,alfresco.gratis,available,23.99,23.99,high,low,8,namesilo,,,
c4f3f86a-e5ce-4db1-b260-0e4b4475fdf6,matter.gratis,available,23.99,23.99,high,low,6,namesilo,,,
abfb2a5a-0c81-4a71-a9ad-44bd00c27644,boo.gratis,premium,26.99,,high,low,3,name.com,,,
5f306111-1a4c-4298-a0c5-cf1886bed7a7,effectively.gratis,available,23.99,23.99,high,low,11,namesilo,,,
88559903-e113-4074-aa66-45e011b89078,bewildered.gratis,available,23.99,23.99,medium,low,10,namesilo,,,07/08/2026 11:52
b72d9e3f-fa14-4c46-aa69-b7e32facf88b,his.gratis,premium,23.6,23.6,high,low,3,namesilo,,,
e2951f53-f03d-4157-afe8-3cb2224819b2,thinking.gratis,available,23.99,23.99,high,low,8,namesilo,,,
06eaee65-b5f3-4a4b-8046-f13c0ae7838e,dormant.gratis,available,23.99,23.99,high,low,7,namesilo,,,
71a59bc9-d3d1-4f26-acdb-0d796dd01b57,smile.gratis,premium,118.8,118.8,high,medium,5,namesilo,,,
3e8a5f0a-af1f-4336-995c-394691ab527d,eighth.gratis,available,23.99,23.99,high,low,6,namesilo,,,
939f2705-9b59-45c7-9131-49d4177c7491,choc.gratis,available,23.99,23.99,high,low,4,namesilo,,,
d540bc59-cb46-4ed8-83ef-faeab0502bb3,highway.gratis,available,23.99,23.99,high,low,7,namesilo,,,
66eef67b-6aed-48b6-b842-3682679a344e,impact.gratis,available,,,high,low,6,,,,
77362951-4479-40a1-b5ec-528c1f9ca3c5,algonkin.gratis,available,23.99,23.99,medium,low,8,namesilo,,,
213daa0f-5d64-446e-a014-45be0a43ef5e,water.gratis,available,23.99,23.99,high,medium,5,namesilo,,,08/09/2026 13:05
7fe4edae-0c46-47b9-9eee-5fc3a3f8ad4c,rang.gratis,available,23.99,23.99,medium,low,4,namesilo,,,
0c57ae46-c813-4354-bf73-8b547e1e8773,boost.gratis,available,23.99,23.99,high,low,5,namesilo,,,
ace894e1-6e6c-408c-b932-556276414614,wages.gratis,available,23.99,23.99,high,low,5,namesilo,,,
3768917a-5b8b-41a8-af5e-5dd37cb64c6c,restructure.gratis,available,23.99,23.99,high,low,11,namesilo,,,
a877906d-696d-46bf-a8ae-639295e28da6,aug.gratis,premium,23.6,23.6,high,low,3,namesilo,,,07/08/2026 17:10
06c61b4d-de18-4ff0-add4-52ac98c71e12,search.gratis,premium,242,242,high,medium,6,namesilo,,,
7eb8795d-ef70-46f5-b8dc-38b9678b5d3d,volleyball.gratis,available,23.99,23.99,high,low,10,namesilo,,,
b58f6136-b6ea-40e6-b780-3931aec667da,yur.gratis,available,23.99,23.99,high,low,3,namesilo,,,
39e65830-5461-4aad-9eb2-1f6e01fdb003,pretty.gratis,available,23.99,23.99,high,low,6,namesilo,,,
0b6e1b95-4c7d-49ca-b38a-511717acb173,afghani.gratis,available,23.99,23.99,medium,low,7,namesilo,,,
881309aa-2449-4631-a66c-0d5c04489aaa,themself.gratis,available,23.99,23.99,medium,low,8,namesilo,,,
379f3576-8a96-47f7-b96d-7135b45b9cec,lady.gratis,available,26.99,,high,low,4,name.com,,,
018d9887-ca4a-4643-9956-6d2650311623,confused.gratis,available,23.99,23.99,high,low,8,namesilo,,,07/08/2026 12:02
86f4dbc3-14ff-4442-8ab3-560b00a8d702,prickly.gratis,available,23.99,23.99,high,low,7,namesilo,,,08/08/2026 17:34
fb876bb0-ba04-4514-af37-d615c73513f5,jerk.gratis,available,23.99,23.99,high,low,4,namesilo,,,
957bdcc8-9bcb-455f-96c0-a2d6a6c207c8,couple.gratis,available,23.99,23.99,high,low,6,namesilo,,,
122216f9-b81d-4a38-b4d0-6031068b8629,buster.gratis,available,23.99,23.99,high,low,6,namesilo,,,
d0c64cd6-d385-44c7-839d-8ab6339c67a3,interpret.gratis,available,23.99,23.99,high,low,9,namesilo,,,
1b898319-46e1-4392-8bd8-8c9e70fe9f66,peace.gratis,available,23.99,23.99,high,low,5,namesilo,,,
5ab4132b-4c2c-43ad-8d9c-29c5b8d55386,ambivalent.gratis,available,23.99,23.99,medium,low,10,namesilo,,,
c6a57cf5-69c6-4093-bb86-522370ef6721,dive.gratis,available,23.99,23.99,high,low,4,namesilo,,,
d34c4527-7cda-4984-abc3-391fa4793f07,parliamentary.gratis,available,23.99,23.99,medium,low,13,namesilo,,,
dfd8afd3-f970-49db-8205-815773a9ad89,assure.gratis,available,23.99,23.99,high,low,6,namesilo,,,
8f1b822b-f11b-4973-9cc6-27747d109347,beamy.gratis,available,23.99,23.99,medium,low,5,namesilo,,,09/08/2026 04:18
577d6dc8-5a9a-4af5-b802-bda53b375da5,pot.gratis,premium,242,242,high,low,3,namesilo,,,
b13e79df-92f9-4253-84c0-ceb0ac98c61e,painful.gratis,available,23.99,23.99,high,low,7,namesilo,,,
c8e86b03-fb38-4123-bbf6-6758e3f05662,finally.gratis,available,23.99,23.99,high,low,7,namesilo,,,
8ea6ec36-47c0-46e2-b2bb-4537ec88029e,grains.gratis,available,26.99,,high,low,6,name.com,,,
f802db66-9c31-4d03-a932-ad0dac8d1591,axenic.gratis,available,23.99,23.99,high,low,6,namesilo,,,08/08/2026 01:51
db60e207-c819-479c-ab7b-4f70e3f9e462,ashen.gratis,available,23.99,23.99,medium,low,5,namesilo,,,07/08/2026 02:09
e7befe10-2b9e-40d6-b228-aa4fd3af2bdc,analytical.gratis,available,23.99,23.99,high,low,10,namesilo,,,
529d5d27-ee73-4d50-83cc-a560ac858c36,camouflage.gratis,available,23.99,23.99,high,low,10,namesilo,,,
f137d90b-92b8-4077-8b6c-81866a0f222c,katy.gratis,available,26.99,,high,low,4,name.com,,,
ae9cadd5-5757-4361-8f41-4939307f5794,acquitted.gratis,available,23.99,23.99,high,low,9,namesilo,,,
1b801b35-46e4-4a0c-8888-998b3a2c7146,quickness.gratis,available,23.99,23.99,high,low,9,namesilo,,,
35b49bd3-17fc-4c9f-aba8-bd5a5af758b2,observer.gratis,available,23.99,23.99,high,low,8,namesilo,,,
6c377dce-42f8-4210-8064-a4e554eb395d,banking.gratis,available,23.99,23.99,high,low,7,namesilo,,,
e0a1fe35-9cf2-4081-9fc2-a4263b23b655,distance.gratis,available,23.99,23.99,high,low,8,namesilo,,,
114a3ff8-4717-4ea4-86fe-1b5a4401426c,november.gratis,available,23.99,23.99,high,low,8,namesilo,,,
5a5c209a-77ec-402a-a4cb-34f9769252bf,aberrant.gratis,available,23.99,23.99,high,low,8,namesilo,,,
a704caeb-5205-4b5e-857f-0e74235d662c,lightly.gratis,available,23.99,23.99,high,low,7,namesilo,,,
a77fbd07-1fdf-4013-90eb-5ff2da35915c,linear.gratis,available,,,high,low,6,,,,
65ef61ad-944a-48ba-b5fb-7172482a0a26,ignore.gratis,available,23.99,23.99,high,low,6,namesilo,,,
183dcd2d-ed9d-4e2d-998c-7047f2b2165b,purchase.gratis,available,23.99,23.99,high,low,8,namesilo,,,
417a0fb7-8db3-43dd-abba-5582e11cbeb6,embracing.gratis,available,23.99,23.99,high,low,9,namesilo,,,
d2606cc5-36cb-452a-ba86-06c8547101db,supplier.gratis,available,23.99,23.99,high,low,8,namesilo,,,
3cb32688-fde4-49cd-a2b1-4fc4cdf0d82e,eolian.gratis,available,23.99,23.99,medium,low,6,namesilo,,,
db952798-f9d3-4ebd-aa54-aa2a623f0dae,rested.gratis,available,26.99,,high,low,6,name.com,,,
62bc9a5e-544e-4381-a51e-6053064db352,alaska.gratis,premium,23.6,23.6,high,low,6,namesilo,,,
a1259d7e-31dd-47e0-a835-02bdb34809e2,scheme.gratis,available,23.99,23.99,high,low,6,namesilo,,,
c6fd190d-2a34-47f7-a6a1-5ef356a411e9,remover.gratis,available,23.99,23.99,high,low,7,namesilo,,,
f132288b-f48c-4113-91de-46e149937a34,sensory.gratis,available,23.99,23.99,high,low,7,namesilo,,,
744b67b4-a9cc-4ee4-b95d-e9c98b2c6edb,advertent.gratis,available,23.99,23.99,medium,low,9,namesilo,,,
df70ccb9-ae43-4922-91f0-cdcdecfceeaa,ache.gratis,available,23.99,23.99,high,low,4,namesilo,,,
e0327c0b-0a3f-44f5-9c89-a302320a0f1b,today.gratis,premium,242,242,high,low,5,namesilo,,,
6a8e1a39-41e1-43ad-b375-1a52e55a308f,andrew.gratis,available,26.99,,high,medium,6,name.com,,,
01c74f9c-031f-4caa-9bc0-5f2bacde1a6f,pamela.gratis,available,23.99,23.99,high,low,6,namesilo,,,
2f16d6c3-d675-4e0e-a7e4-661752356a00,abridged.gratis,available,23.99,23.99,high,low,8,namesilo,,,
469db50b-b0da-4a41-a019-1fc978443d8b,undeveloped.gratis,available,26.99,,high,low,11,name.com,,,
f3fcf638-133f-4a65-86d5-1811ba039606,impossible.gratis,available,23.99,23.99,high,low,10,namesilo,,,
8fe08474-062d-4a3a-8d92-704dd5746d2d,informative.gratis,available,26.99,,high,low,11,name.com,,,
4d0899db-eb9b-4899-ac4d-5cbdff0d16c2,certain.gratis,available,23.99,23.99,high,low,7,namesilo,,,
de4cae0a-04bb-4378-879a-bedcdebb683c,promising.gratis,available,23.99,23.99,high,low,9,namesilo,,,
500d9e60-2b9e-4188-ab2b-6417f5067d0b,nest.gratis,available,26.99,,high,medium,4,name.com,,,
dc881520-e48a-4b61-9e92-541b562c1db6,jazz.gratis,premium,118.8,118.8,high,low,4,namesilo,,,
a726c091-7c9f-4ba0-9ec5-262950335228,chose.gratis,available,23.99,23.99,high,low,5,namesilo,,,
a2e1e0cc-fa3f-49ce-a0ad-3defe79f4c2e,triclinic.gratis,available,23.99,23.99,medium,low,9,namesilo,,,
50e3c4bf-c682-4299-ad0d-edd0b667a8fc,side.gratis,available,23.99,23.99,high,low,4,namesilo,,,
855abc0f-fae8-4bd2-acea-a06a18d03ce8,seats.gratis,premium,242,242,high,low,5,namesilo,,,
efa31d3c-400b-4ef0-b1bd-caf9a89deb0f,wiring.gratis,available,23.99,23.99,high,low,6,namesilo,,,
eea951f5-7a7a-49f9-bfe7-4b6dab02638f,magical.gratis,available,23.99,23.99,high,low,7,namesilo,,,
84419b20-56ca-4480-b6e4-61fb6162bd5b,lowering.gratis,available,23.99,23.99,high,low,8,namesilo,,,
7348e97a-2407-4007-bea2-9ac6e10524b9,perspective.gratis,available,23.99,23.99,high,low,11,namesilo,,,
599d02a5-6421-4a10-b924-3191b0a7d4d1,covid.gratis,available,23.99,23.99,high,low,5,namesilo,,,
9d2abcfe-87ae-4b09-9f34-a3541ce18763,haywire.gratis,available,24.98,31.98,high,low,7,namecheap,,,
3e85e150-5cc5-4d61-80d0-0affcbed1b73,jolly.gratis,available,23.99,23.99,high,low,5,namesilo,,,
d8442322-16ca-455d-ac6d-2a13b9a1db17,abaxial.gratis,available,23.99,23.99,medium,low,7,namesilo,,,
3cd8b8a4-63bb-476c-bceb-47a5d3708a16,temporary.gratis,available,23.99,23.99,high,low,9,namesilo,,,
e5c762b8-81e1-4161-b2c4-207963e5b95d,bee.gratis,premium,23.6,23.6,high,medium,3,namesilo,,,
013216df-9868-4c40-829b-e51dd5e74348,briefs.gratis,available,23.99,23.99,high,low,6,namesilo,,,
330f51bf-2a81-4a8c-9f7c-1dc933abc9c1,limo.gratis,available,23.99,23.99,high,low,4,namesilo,,,
89f605ed-7964-457f-940f-dbcb77aa8b2d,distinguished.gratis,available,23.99,23.99,high,low,13,namesilo,,,
9c444129-9478-4547-81cd-cc9ad456278d,rider.gratis,available,23.99,23.99,high,low,5,namesilo,,,
d4b26e0f-2bcc-4e3b-a428-3d994ff1f349,elvis.gratis,available,23.99,23.99,high,low,5,namesilo,,,
976c9587-7220-43d1-9d43-c3ad1ed2c48b,nightmare.gratis,available,23.99,23.99,high,low,9,namesilo,,,
35762454-8b53-4420-bfdc-86fb39773c60,soupy.gratis,available,23.99,23.99,medium,low,5,namesilo,,,09/08/2026 01:20
a034cfae-1107-435b-8ce8-ea49066d2819,psychologist.gratis,available,26.99,,high,low,12,name.com,,,
c535529d-7271-466b-a4ea-db5c327359ff,wintertime.gratis,available,23.99,23.99,high,low,11,namesilo,,,
3159ab25-3c7c-45ef-876c-4b9b308a36ca,during.gratis,available,23.99,23.99,medium,low,6,namesilo,,,
8e2a4b50-cbf8-4456-83c7-b1ef5270a209,agential.gratis,available,23.99,23.99,medium,low,8,namesilo,,,
cb08d23e-e34b-4375-a51d-2ad403f2ba3c,scan.gratis,available,23.99,23.99,high,low,4,namesilo,,,
5f53a17d-498b-4d5d-8fff-950e6efec23d,groves.gratis,available,26.99,,high,low,6,name.com,,,
e98e5a1c-9754-4f95-b660-2104d4a13040,pull.gratis,available,23.99,23.99,high,low,4,namesilo,,,
0bd0683c-e5ac-4e90-9ec4-6388e3c8cbdd,facing.gratis,available,23.99,23.99,high,low,6,namesilo,,,
40b6fb55-8d2f-4064-a1e1-c1045fd4adb9,dough.gratis,available,23.99,23.99,high,low,5,namesilo,,,08/09/2026 03:53
ba568c67-b9d3-4251-ab82-b7fe03784dc5,translation.gratis,available,23.99,23.99,high,low,11,namesilo,,,
7e342c2b-9bf9-4e63-97c9-5717ebea0868,neverending.gratis,available,26.99,,high,low,12,name.com,,,
814e2c05-1860-4524-8100-7bd5956579fd,enlivening.gratis,available,23.99,23.99,medium,low,10,namesilo,,,
39e33ac6-0ff0-4879-9730-0fae6a227e5c,campaign.gratis,available,23.99,23.99,high,low,8,namesilo,,,
26dbd2bd-a7af-4d6d-b5b1-06f270655973,laws.gratis,available,23.99,23.99,high,low,4,namesilo,,,
562b2669-e861-4843-b6a5-6ffe1ba4bd8a,environmentally.gratis,available,23.99,23.99,medium,low,15,namesilo,,,
f837e890-0364-4cc9-95f9-a12652e5e807,lag.gratis,premium,23.6,23.6,high,low,3,namesilo,,,
82b46f10-95d2-4e74-b6a9-5de2c8c4a2b0,conventionally.gratis,available,26.99,,medium,low,14,name.com,,,
13931bc8-63cb-434a-a158-6a96830f4499,colombo.gratis,available,23.99,23.99,high,low,7,namesilo,,,
b86ef7d2-8b44-44d1-b1d5-a83aeb64ec0f,invaluable.gratis,available,23.99,23.99,high,low,10,namesilo,,,
45ee703d-e895-4050-94df-77030e5ea786,conduction.gratis,available,23.99,23.99,high,low,10,namesilo,,,
99f87c1c-90f7-43a2-a90a-252a27657023,understand.gratis,available,23.99,23.99,high,low,10,namesilo,,,
e1f10f88-b9ab-4902-81ab-be1f2c2ec093,unused.gratis,available,23.99,23.99,medium,low,6,namesilo,,,
23a602a2-3a20-4948-9296-d5ea4e0ca203,smell.gratis,available,23.99,23.99,high,low,5,namesilo,,,
b080f0c5-b458-481b-8a72-2dc1882a2cf5,fiercely.gratis,available,23.99,23.99,medium,low,8,namesilo,,,
8b2642ca-a892-419c-ad58-45e0836e5f52,shaper.gratis,available,23.99,23.99,high,low,6,namesilo,,,
25f70aba-2005-44d9-9492-a5fc7eeb6540,prior.gratis,available,23.99,23.99,high,low,5,namesilo,,,
d252b2df-b36a-40a5-b427-8189f2281cc2,blob.gratis,available,23.99,23.99,high,low,4,namesilo,,,
b24a3025-ebf8-4caf-acf8-fa696c01cd8c,lastly.gratis,available,26.99,,medium,low,6,name.com,,,
d0763275-29a0-473f-8821-f237f519ae08,myspace.gratis,available,,,high,low,7,,,,
617eef4b-2de0-4a4f-945f-e5c524691a5c,flowers.gratis,premium,23.6,23.6,high,medium,7,namesilo,,,
e14b54c1-8e6e-47c5-af44-6eac8d06f515,clxxv.gratis,available,23.99,23.99,medium,low,5,namesilo,,,
3db3a862-50de-4128-8eeb-b4be80b1c4ce,panasonic.gratis,available,,,high,low,9,,,,
70dc6068-291e-47e5-b95c-eed93709d286,airy.gratis,available,23.99,23.99,high,low,4,namesilo,,,
bea91d05-9480-485c-a279-3943d0c4c2b9,alienate.gratis,available,23.99,23.99,medium,low,8,namesilo,,,
f8691fca-c730-4c57-a235-977cf2d72930,additive.gratis,available,23.99,23.99,high,low,8,namesilo,,,
7dc07e63-b605-40ad-be73-6fbd80134ecd,share.gratis,premium,118.8,118.8,high,medium,5,namesilo,,,
e1629107-fa9b-4c9a-85b6-25bf0923c7dd,suspend.gratis,available,23.99,23.99,high,low,7,namesilo,,,
1253f670-d58c-4310-92f7-98ec5e74fbd4,them.gratis,available,23.99,23.99,high,low,4,namesilo,,,
b831c6a2-cd8a-4702-a995-efe1ac137d84,threadbare.gratis,available,23.99,23.99,medium,low,10,namesilo,,,08/08/2026 11:10
d6db64ee-cff8-4596-8b62-050cdbdfab4f,cat.gratis,available,,,high,low,3,,,,
4c23eed4-ce7d-494e-b873-346207152da3,again.gratis,available,23.99,23.99,high,low,5,namesilo,,,
e6da3d18-5a7c-4db3-a1b9-2659e8f4627f,idle.gratis,available,23.99,23.99,high,low,4,namesilo,,,08/08/2026 21:52
1ac4918e-3b1c-480c-98d8-c05ef6a2cbfa,fiber.gratis,available,23.99,23.99,high,low,5,namesilo,,,
1432bef8-4de6-46c1-a432-fc3e5175199e,amused.gratis,available,23.99,23.99,high,low,6,namesilo,,,
e13d1448-3e8b-4322-9032-4e97003f4cbc,oregon.gratis,premium,23.6,23.6,high,low,6,namesilo,,,
d7f81e81-349d-4aed-9098-a329b5bf98c1,basically.gratis,available,23.99,23.99,high,low,9,namesilo,,,
b94d21af-f36b-4674-9388-db1aad5d19bd,expect.gratis,available,23.99,23.99,high,low,6,namesilo,,,
4b4196c1-d33d-4410-9b67-bc1ce1f517c3,according.gratis,available,23.99,23.99,high,low,9,namesilo,,,
e8461d21-f50b-430e-a6f2-39ee8ce284e5,roger.gratis,available,23.99,23.99,high,low,5,namesilo,,,
11115731-edd2-407f-905a-08c6fa6e6b40,annelid.gratis,available,23.99,23.99,medium,low,7,namesilo,,,
207d53b6-3047-4349-94fd-3872c7071edc,artful.gratis,available,23.99,23.99,high,low,6,namesilo,,,06/08/2026 22:44
bc017ff2-a5e7-4065-9501-15b09eb58bda,orchestra.gratis,available,23.99,23.99,high,low,9,namesilo,,,
854f68ea-8905-4784-bab0-fab709661dbe,batrachian.gratis,available,23.99,23.99,medium,low,10,namesilo,,,05/08/2026 20:53
6f8d3920-31fd-4b77-b0b8-420d70ea0ed2,heartthrob.gratis,available,23.99,23.99,high,low,10,namesilo,,,
0804a3d5-f036-4658-889b-f90d985383c4,artless.gratis,available,23.99,23.99,high,low,7,namesilo,,,06/08/2026 23:47
918e0639-1328-410b-823d-fae4bff9f2ee,boer.gratis,available,23.99,23.99,high,low,4,namesilo,,,
a251b5d7-c38c-4b4b-b818-f6d943367a31,feb.gratis,premium,23.6,23.6,high,low,3,namesilo,,,
e409acad-a6a3-4dfe-b7ca-8d460025eefe,aweigh.gratis,available,23.99,23.99,low,low,6,namesilo,,,07/08/2026 14:29
9675aa02-fb84-4244-a82e-4e0917d6ab63,hungry.gratis,available,23.99,23.99,high,low,6,namesilo,,,
dc7ce657-b631-4a00-ab62-7bf3bcfa7234,autistic.gratis,available,23.99,23.99,high,low,8,namesilo,,,07/08/2026 19:22
f6dd004f-3dd6-440c-b283-1f1e163ceb6a,deserted.gratis,available,23.99,23.99,high,low,8,namesilo,,,
8262a905-1093-44a9-943f-56a22823aeca,limitation.gratis,available,23.99,23.99,high,low,10,namesilo,,,
04e6a957-d4de-4a57-898e-ffd069140ba3,crackers.gratis,available,23.99,23.99,high,low,8,namesilo,,,06/08/2026 20:45
2d013a50-c39b-4745-bb42-5367035b8380,interact.gratis,available,23.99,23.99,high,low,8,namesilo,,,
cbae0541-fccd-4d85-a080-1aa30f016024,altissimo.gratis,available,23.99,23.99,medium,low,9,namesilo,,,
1fc3f40b-9c33-4aa5-b329-cb9702ee6c54,jewish.gratis,available,23.99,23.99,high,low,6,namesilo,,,
48877ad5-127f-4c76-878e-f34b20496ca5,monitor.gratis,available,23.99,23.99,high,low,7,namesilo,,,
087c50b5-5167-49a4-adbd-9473f19f6e90,danger.gratis,available,26.99,,high,low,6,name.com,,,
088375bb-5601-42e3-b679-7b068282ae82,used.gratis,available,23.99,23.99,high,low,4,namesilo,,,
098a708b-4a23-4920-acf4-201d9a541d9b,between.gratis,available,23.99,23.99,high,low,7,namesilo,,,
86759bf6-0221-4d69-870b-c3ff51496f0c,banked.gratis,available,23.99,23.99,medium,low,6,namesilo,,,
aef724c4-b617-4286-80b5-51a01a97e649,enable.gratis,available,23.99,23.99,high,low,6,namesilo,,,
fbd975f7-ded2-4215-9c21-bafb5cede41d,masses.gratis,available,23.99,23.99,high,low,6,namesilo,,,
bd40fce4-ed22-438d-b22b-08470549e741,gaslighter.gratis,available,23.99,23.99,medium,low,11,namesilo,,,
e570f7ad-93c6-4669-b437-e062fa24bed4,respond.gratis,available,26.99,,high,low,7,name.com,,,
95a6ff6a-bdf6-4b51-bf10-5a649d65fbb3,rail.gratis,available,23.99,23.99,high,low,4,namesilo,,,
8c37cc90-efa3-47a4-a7d7-d47539a551c0,records.gratis,available,23.99,23.99,high,low,7,namesilo,,,
a134c03d-566a-426c-ac63-3d28f5f08227,arrive.gratis,available,23.99,23.99,high,low,6,namesilo,,,
6c39ecd6-26e0-4906-9da9-cc13baa05c15,hey.gratis,premium,26.99,,high,medium,3,name.com,,,
5ec3e96f-3be0-442e-9305-7cbeebbbb770,conductor.gratis,available,23.99,23.99,high,low,9,namesilo,,,
cd0fdfc0-6849-44b3-8305-6a73145a290c,that.gratis,available,23.99,23.99,high,low,4,namesilo,,,
d87829db-14ba-4d89-b959-44e44d25305d,grilled.gratis,available,23.99,23.99,high,low,7,namesilo,,,08/08/2026 16:31
d117cb8b-6b79-4950-ae38-fd092c3aab8e,termination.gratis,available,23.99,23.99,high,low,11,namesilo,,,04/09/2026 07:49
1e033859-f91a-4a77-839c-c2406db01543,asat.gratis,available,23.99,23.99,high,low,4,namesilo,,,05/08/2026 19:31
46f87bb0-ff19-4e61-9f3d-74ebc3f37355,wireless.gratis,available,23.99,23.99,high,low,8,namesilo,,,
735905b9-eabc-4950-9215-394eb2717b35,solid.gratis,available,26.99,,high,low,5,name.com,,,
b38b54f2-4055-4bdf-8ad2-788500df6bcd,channels.gratis,available,23.99,23.99,high,low,8,namesilo,,,
209414aa-217c-4fe7-bce9-d08d721f8ba3,exception.gratis,available,23.99,23.99,high,low,9,namesilo,,,
d34c90f6-3c7f-4187-b76d-b309e06e4cb2,retarded.gratis,available,26.99,,medium,low,8,name.com,,,
f466774c-c4ee-42c9-bf0b-ca59819f7459,safe.gratis,premium,123.75,,high,medium,4,name.com,,,
a28d0fe3-bc85-42aa-991f-11a35c686828,warfare.gratis,available,23.99,23.99,high,low,7,namesilo,,,
647e18c3-fcb2-4e11-95be-0479fcaded32,vocal.gratis,available,23.99,23.99,high,low,5,namesilo,,,
cf667024-9673-415f-b92d-cf43b47baf6f,fling.gratis,available,23.99,23.99,high,low,5,namesilo,,,
e1b60b50-efb8-4c2e-ae18-922079efb489,generators.gratis,available,23.99,23.99,medium,low,10,namesilo,,,
1500a292-66d5-46c6-a292-fd5962216a02,independent.gratis,available,26.99,,high,low,11,name.com,,,
8cbfae41-a929-4605-b5c4-e0f94d93d6fe,nwo.gratis,available,23.99,23.99,high,low,3,namesilo,,,
0030bd1c-d75c-4aeb-a0b4-33e4ef78b853,believe.gratis,available,26.99,,high,low,7,name.com,,,
985daee4-91ea-4159-8e93-4338ae060410,mao.gratis,premium,26.99,,high,low,3,name.com,,,
eaf5167d-5355-4d46-8c2b-2322b3f7734c,pill.gratis,available,26.99,,high,low,4,name.com,,,
d1497687-371c-47f8-8909-93f471833d58,duty.gratis,available,23.99,23.99,high,low,4,namesilo,,,
7098eef0-a834-4ae6-9275-1365f1c11e6d,phoebe.gratis,available,23.99,23.99,medium,low,6,namesilo,,,
10176b44-6312-46e4-8040-f445f7de31af,regardless.gratis,available,23.99,23.99,high,low,10,namesilo,,,
d9d72c9b-03e4-4cfd-9af3-49d40132d40d,hundredth.gratis,available,23.99,23.99,high,low,9,namesilo,,,
d18fd3d8-2bda-43a8-b585-91fc34e98e80,innocence.gratis,available,23.99,23.99,high,low,9,namesilo,,,
ff5da0f4-75ed-443d-855c-ab7a49b5bbb6,ageless.gratis,available,23.99,23.99,high,low,7,namesilo,,,
32d74da7-667c-4f6d-902c-590a7b9a16af,amort.gratis,available,24.98,31.98,medium,low,5,namecheap,,,
4e2b4a24-8feb-46fa-86b9-0c63bcc5eded,properties.gratis,available,23.99,23.99,high,low,10,namesilo,,,
cb55b1f0-f92c-490a-9b80-184609156a61,mini.gratis,available,,,high,low,4,,,,
e0bc67a0-7b31-4037-ab4b-ac65cabeb78e,despise.gratis,available,23.99,23.99,high,low,7,namesilo,,,
dc23868e-7b50-401f-a251-5fb5aad972e4,vicious.gratis,available,23.99,23.99,medium,low,7,namesilo,,,08/08/2026 16:00
e364f3c5-b224-47e2-a655-d8ffe78bd835,theft.gratis,available,23.99,23.99,high,low,5,namesilo,,,08/09/2026 07:55
b2890e31-c461-40b5-a5ee-e73134b62dbd,economically.gratis,available,23.99,23.99,high,low,12,namesilo,,,
9b569425-4072-4646-a666-eb5d332b534b,kilo.gratis,available,23.99,23.99,high,low,4,namesilo,,,
c16e8b13-51bc-490e-982a-1432e062319d,lazuline.gratis,available,23.99,23.99,medium,low,8,namesilo,,,08/08/2026 03:18
5250699e-b0de-4940-a9d7-547add45838d,official.gratis,available,23.99,23.99,high,low,8,namesilo,,,
1f30bd8e-cab3-44ac-991c-1766f1a48a05,organized.gratis,available,23.99,23.99,high,low,9,namesilo,,,
250bb286-1246-4b16-bb70-3e3d29d52d86,acre.gratis,available,23.99,23.99,high,low,4,namesilo,,,
bcf50202-8c86-442e-84cc-0b3dd4422f5b,much.gratis,available,23.99,23.99,high,low,4,namesilo,,,
3f1be2f4-c268-4e86-b967-e452594ffde3,brainwash.gratis,available,23.99,23.99,high,low,9,namesilo,,,
750d647c-9ed3-4f33-84df-961ec9c39fe9,occur.gratis,available,23.99,23.99,high,low,5,namesilo,,,
5e6865c0-b88e-4ee4-ad92-68e6f54aac64,crayola.gratis,available,,,high,low,7,,,,
9c532d71-0757-4470-b160-0076248c0b12,lizard.gratis,available,23.99,23.99,high,low,6,namesilo,,,
9f42c271-8a40-4f2b-a124-2eeeafac7a64,upstage.gratis,available,23.99,23.99,high,low,7,namesilo,,,
09694388-82c0-4c2e-b640-4dff02dc9318,veal.gratis,available,23.99,23.99,medium,low,4,namesilo,,,
9116fdb7-1055-4c2a-b7ba-6c7ecc9a2da5,recently.gratis,available,26.99,,high,low,8,name.com,,,
694205b0-76a2-4f6a-a0e3-13c8a234790d,worthwhile.gratis,available,23.99,23.99,high,low,10,namesilo,,,
8ca440f4-1d4d-4001-b361-c70b39ed8ad5,allocate.gratis,available,23.99,23.99,high,low,8,namesilo,,,
8ca36131-9a3e-4ee6-8771-3244c5a46210,justification.gratis,available,23.99,23.99,high,low,13,namesilo,,,
8f3ec08c-2322-47ea-bf8b-127b1cd25166,abstruse.gratis,available,23.99,23.99,medium,low,8,namesilo,,,
8a32cea5-9fff-486e-97e6-a7ee7cc5e0db,windsor.gratis,available,23.99,23.99,high,low,7,namesilo,,,
4033977b-5865-4d02-b039-566f7d4c25dd,westcott.gratis,available,23.99,23.99,medium,low,8,namesilo,,,
5bbdb88c-5f28-46dc-a8ff-7e0a7127d516,every.gratis,available,26.99,,high,medium,5,name.com,,,
e239725d-5677-49da-a6c6-7e0c01e390e9,term.gratis,available,23.99,23.99,high,low,4,namesilo,,,
b80adc8f-6bc5-404d-9529-ced399993a49,ample.gratis,available,23.99,23.99,high,low,5,namesilo,,,
e5bf6b10-353a-4de0-a336-91c2f6672a5f,autoerotic.gratis,available,24.98,31.98,medium,low,10,namecheap,,,07/08/2026 20:01
44a2571e-20cf-411a-8d4e-f9c8e2ba47e4,been.gratis,available,23.99,23.99,medium,low,4,namesilo,,,
f284d39c-0e8a-48bb-8ccc-4b91c7a4445b,not.gratis,premium,242,242,high,medium,3,namesilo,,,
11a9488a-8d1c-4d9a-9508-123615d734e1,thug.gratis,available,23.99,23.99,high,low,4,namesilo,,,
395c442f-0b08-4330-9b67-4516a673f95f,meaningful.gratis,available,23.99,23.99,high,low,10,namesilo,,,
dccfee0f-428e-443e-a16f-beb31217af98,prolific.gratis,available,23.99,23.99,high,low,8,namesilo,,,
142e4005-3f3f-4f99-bacd-93879b9c67e8,bones.gratis,available,26.99,,high,low,5,name.com,,,
1e754b80-be43-4f44-8bdc-c52c56575a9e,perforation.gratis,available,26.99,,high,low,11,name.com,,,
011fde01-02ad-41ca-bf25-d0f4a4595565,swallow.gratis,available,23.99,23.99,high,low,7,namesilo,,,
6cd11d4d-2233-4275-a63e-7c4b5ae776fd,drown.gratis,available,23.99,23.99,medium,low,5,namesilo,,,
3a022433-5149-4e65-a5bb-bf2055c4fd5c,neighbour.gratis,available,23.99,23.99,high,low,9,namesilo,,,
1f927913-11e5-41cc-a8b7-61a9e04c80d4,princess.gratis,available,23.99,23.99,high,low,8,namesilo,,,
05d28e55-9022-40db-80bb-8627a638f333,score.gratis,available,23.99,23.99,high,low,5,namesilo,,,
8230c2c5-bf95-4215-9c69-f4285383a489,moderator.gratis,available,26.99,,high,low,9,name.com,,,
037cde9b-dabf-4b29-a96b-6fbbf8a80b58,formless.gratis,available,23.99,23.99,high,low,8,namesilo,,,
afa54caa-c85d-404a-8f97-7f1e84b15e4b,monthly.gratis,available,23.99,23.99,high,low,7,namesilo,,,
ab6862bc-ef0c-48da-ac46-fb15aeebe287,put.gratis,premium,23.6,23.6,high,low,3,namesilo,,,
dc53b631-c169-4c79-83cf-9fefa41f0bf0,septet.gratis,available,23.99,23.99,medium,low,6,namesilo,,,
5870f865-dc39-4247-bba4-e92dfe920517,extend.gratis,available,23.99,23.99,high,low,6,namesilo,,,
fadc9d36-0540-46f9-a38d-7ab8e8d79e0b,prohibited.gratis,available,23.99,23.99,medium,low,10,namesilo,,,08/08/2026 13:48
10d6f303-35e8-45e0-b9cf-98718c156ca6,introduction.gratis,available,23.99,23.99,high,low,12,namesilo,,,
6ddba648-2b98-4f2a-8e28-0b8460ca377f,jar.gratis,premium,23.6,23.6,high,low,3,namesilo,,,
1e967984-9001-433b-bbf7-b9ca29a6a31d,several.gratis,available,23.99,23.99,high,low,7,namesilo,,,
2b9411a9-300a-43b3-896f-738f5f5b1807,street.gratis,available,26.99,,high,low,6,name.com,,,
242cc17c-ee6f-4d11-bb52-36564d402a82,azotic.gratis,available,23.99,23.99,medium,low,6,namesilo,,,08/08/2026 02:53
5bf2b0c9-d61d-41b0-a995-98e22c2d6211,skirt.gratis,available,26.99,,high,low,5,name.com,,,
2d94e281-7332-41f5-a154-f63d26721042,publication.gratis,available,23.99,23.99,high,low,11,namesilo,,,
f9e06eb7-8a70-4ad2-a220-e67374556f1f,screening.gratis,available,26.99,,high,low,9,name.com,,,
f80ed026-9c64-4822-8b93-2cdbf989dfc9,bavarian.gratis,available,23.99,23.99,high,low,8,namesilo,,,09/08/2026 02:00
8bf1731a-ada3-4e42-81df-fd1a849eb839,ing.gratis,premium,23.6,23.6,high,low,3,namesilo,,,
d3e7a794-b1db-4818-b323-fe495381870d,date.gratis,premium,41.25,,high,low,4,name.com,,,
d9a25a91-d4a5-4cb9-b68b-0102fd2a81e4,dignitary.gratis,available,23.99,23.99,high,low,9,namesilo,,,
0c16a60a-ffc9-4bec-903d-93a08fa06967,result.gratis,available,23.99,23.99,high,low,6,namesilo,,,
8735b98f-cbc3-4c44-a903-f76ee64d7add,zend.gratis,available,23.99,23.99,medium,low,4,namesilo,,,07/08/2026 23:12
6928eaec-6392-4d37-9d01-610e83b9cedb,gear.gratis,available,23.99,23.99,high,low,4,namesilo,,,
2b5559be-eada-46c2-ada7-30faca9dd5ed,abominable.gratis,available,23.99,23.99,medium,low,10,namesilo,,,
55e7c5df-026e-4737-8663-0efc78650452,lobby.gratis,available,23.99,23.99,high,low,5,namesilo,,,
5c35f1e4-26a2-46e0-91bf-e9cf823797a4,mon.gratis,premium,26.99,,high,low,3,name.com,,,
e9fc55a8-76fe-49bb-9450-742dfa24bd97,ablaze.gratis,available,23.99,23.99,high,low,6,namesilo,,,
42d1aabb-b8a7-4fb2-8342-63aaab00b9ab,traffic.gratis,available,26.99,,high,low,7,name.com,,,
1cdfb948-e31d-49cc-88e9-a21181d8be44,humongous.gratis,available,23.99,23.99,high,low,9,namesilo,,,08/08/2026 12:58
7fb46824-633f-45a4-937e-2b8bda472ef6,commit.gratis,available,23.99,23.99,high,low,6,namesilo,,,
f9073305-7f0d-4171-a95c-bca4e22ce63f,prehensile.gratis,available,23.99,23.99,medium,low,10,namesilo,,,07/08/2026 22:14
f24a8807-62f5-4ec0-8fe8-900c56cfaa11,aneuploid.gratis,available,23.99,23.99,medium,low,9,namesilo,,,
520243c4-86ec-4b6b-909c-89564cfc9fd8,receive.gratis,available,23.99,23.99,high,low,7,namesilo,,,
e843fb80-6784-4796-b9a8-e58e03de43b0,yawn.gratis,available,23.99,23.99,high,low,4,namesilo,,,
25b62c0f-505a-4778-9393-d671833f6bd4,mere.gratis,available,23.99,23.99,high,low,4,namesilo,,,
1acff033-6495-4d2e-a4c8-35b95e91bdcd,argentine.gratis,available,,,high,low,9,,,,
99ff65b1-96a0-43e7-993e-4170b78f7f92,she.gratis,premium,23.6,23.6,high,low,3,namesilo,,,
a27f6486-6acc-4adf-a0ed-06961d508dac,diplomate.gratis,available,23.99,23.99,high,low,9,namesilo,,,
00b8a7de-a042-4dc6-af41-cf3e37f27bf1,sun.gratis,premium,23.6,23.6,high,medium,3,namesilo,,,
97aee138-2a2d-4276-bc9c-06d221bb4cb4,clinically.gratis,available,23.99,23.99,high,low,10,namesilo,,,
2a621f04-c9bb-4a36-bc90-0ff456eae412,acarpous.gratis,available,23.99,23.99,medium,low,8,namesilo,,,
11916e1f-77d4-43c8-b5b5-71517d1c5fef,principles.gratis,available,23.99,23.99,high,low,10,namesilo,,,
ec03c402-8816-422a-9077-db97ff41d68d,light.gratis,available,23.99,23.99,high,low,5,namesilo,,,
affbcc4c-b9bb-4a9f-b314-8b298f3ce03a,victorian.gratis,available,23.99,23.99,high,low,9,namesilo,,,
cfc77372-db27-448e-842d-6067bae4a0f4,affinal.gratis,available,23.99,23.99,medium,low,7,namesilo,,,
1368ae41-8560-4077-ab00-ce8dcbc7561c,promoter.gratis,available,23.99,23.99,high,low,8,namesilo,,,
7f92e0c9-1727-41eb-b1cf-228a6bc7e3b5,folder.gratis,available,26.99,,high,low,6,name.com,,,
c279e491-c8e0-4f29-b581-dcdd8ac133f5,rejected.gratis,available,23.99,23.99,medium,low,8,namesilo,,,
11a0dfd5-b6d8-4075-af32-12295e1e5daa,accusation.gratis,available,23.99,23.99,high,low,10,namesilo,,,
ea0f9ddf-b3ac-4c6b-bda5-1e6ce86bc328,limit.gratis,available,23.99,23.99,high,low,5,namesilo,,,
f362be8f-e48c-4942-8d66-0464422f5bc3,ahuh.gratis,available,23.99,23.99,high,low,4,namesilo,,,
2d1147c0-ff66-471e-8e9c-c0aab7f92d41,deputy.gratis,available,23.99,23.99,high,low,6,namesilo,,,
a469ce7b-1a7f-4d30-8e87-93dfdabbfeae,abuse.gratis,available,23.99,23.99,high,low,5,namesilo,,,08/09/2026 12:39
ae8686ee-2f02-4702-853f-a6f9a3ec153a,diminutive.gratis,available,23.99,23.99,high,low,10,namesilo,,,08/08/2026 14:10
520efd83-2d80-48a3-b3f9-8ae556f334fc,baleful.gratis,available,23.99,23.99,medium,low,7,namesilo,,,08/08/2026 09:39
abd85a8a-5e92-43b2-9012-a473e088c433,smiling.gratis,available,23.99,23.99,high,low,7,namesilo,,,
9575d7aa-986b-44a1-a713-b55b72f8bc9d,vexing.gratis,available,23.99,23.99,high,low,6,namesilo,,,
17d2aca5-80d7-4694-b2c1-179c437f4936,aqueous.gratis,available,23.99,23.99,medium,low,7,namesilo,,,06/08/2026 10:50
82bded99-f539-45d3-979e-6b75bb7d39bd,disposed.gratis,available,23.99,23.99,high,low,8,namesilo,,,
bdb8e66e-f63b-45e0-b462-d5dc0de65770,pizzeria.gratis,available,23.99,23.99,high,low,8,namesilo,,,
805438ff-5e6f-4f16-9fc0-971f5ddbe251,affine.gratis,available,23.99,23.99,high,low,6,namesilo,,,
09b7fcad-ea88-40a3-a480-2f616ba66a8d,tweet.gratis,available,23.99,23.99,high,low,5,namesilo,,,
ac4f14b0-0c4d-4df5-a8f5-af7ee9011f63,hall.gratis,available,23.99,23.99,high,low,4,namesilo,,,
15d058d6-689b-46ee-bb8d-2228fef22525,azure.gratis,available,,,high,low,5,,,,
24edb395-dbd6-465b-8d24-3526e792090e,blades.gratis,available,23.99,23.99,high,low,6,namesilo,,,
1fbd8507-a059-4eeb-8f2c-49df50d7c576,borne.gratis,available,23.99,23.99,high,low,5,namesilo,,,
5f7aaee0-b1e0-4667-859d-e3f96c57efec,accusive.gratis,available,23.99,23.99,low,low,8,namesilo,,,
1808c3a0-0da0-460c-bf8e-d3447f61e9f0,lxxxiv.gratis,available,23.99,23.99,medium,low,6,namesilo,,,
55c0429e-5e0d-46ab-8a12-cf03946a27ef,intent.gratis,available,23.99,23.99,high,low,6,namesilo,,,
651679de-5343-40ea-a479-e11ee60509fc,window.gratis,available,23.99,23.99,high,low,6,namesilo,,,
82c30608-db7c-40c4-9de2-624ed241c697,eating.gratis,available,23.99,23.99,high,low,6,namesilo,,,08/09/2026 13:35
44aa4446-7f94-47cf-bc18-a02c582c74ae,atacama.gratis,available,23.99,23.99,high,low,7,namesilo,,,
53b5bc83-eb49-4fbf-b4f5-ae21c57c3571,strain.gratis,available,23.99,23.99,medium,low,6,namesilo,,,
aaf6a895-089b-42ab-829b-c03118f3730b,defence.gratis,available,26.99,,high,low,7,name.com,,,
56ce87d3-eb30-404e-95ab-6c252107b791,hole.gratis,available,23.99,23.99,high,low,4,namesilo,,,
a40e7c06-a9cd-4128-a6e9-215b8eec180e,righteous.gratis,available,26.99,,high,low,9,name.com,,,
ab8c983a-4d09-42e7-90b8-4ee261b42f92,awry.gratis,available,23.99,23.99,medium,low,4,namesilo,,,
f902b614-7048-4055-b1e1-34818eea152a,facebook.gratis,available,,,high,medium,8,,,,
4e4fd751-3304-4b78-89ce-4f1cf57e188e,leash.gratis,available,23.99,23.99,high,low,5,namesilo,,,
ce1d210e-01e7-44cb-9658-53ddabace063,default.gratis,available,26.99,,high,low,7,name.com,,,
16ffb88a-05fd-4ed7-87ec-9fea9f386278,label.gratis,available,23.99,23.99,high,low,5,namesilo,,,
0040d6f5-b595-4701-b138-83b83f4f579b,appreciate.gratis,available,23.99,23.99,high,low,10,namesilo,,,
be1850e6-4cb6-434b-b338-18ba4ab7bce7,giraffe.gratis,available,23.99,23.99,high,low,7,namesilo,,,
f491fa8e-6d05-4d53-9741-5d4b57021650,axile.gratis,available,23.99,23.99,medium,low,5,namesilo,,,08/08/2026 01:56
0c58f2cc-e51e-4f27-bc8e-ec4415e02b47,steps.gratis,available,23.99,23.99,high,low,5,namesilo,,,
923171d1-4d3c-41e8-b556-22f44fe0f7f8,beads.gratis,available,23.99,23.99,high,low,5,namesilo,,,
9fbe2382-da62-4121-82ae-a89f8684488c,majority.gratis,available,23.99,23.99,high,low,8,namesilo,,,
a9abab23-7db8-41b3-a055-e6e8454ef523,fortified.gratis,available,23.99,23.99,high,low,9,namesilo,,,09/08/2026 00:17
436a25fc-7a49-4076-ba47-7e1f387c8b96,lot.gratis,premium,23.6,23.6,high,low,3,namesilo,,,
ee982e71-816c-49e5-813f-31355b871522,possible.gratis,available,23.99,23.99,high,low,8,namesilo,,,
954cd508-1b45-47eb-a988-e2b6d336a054,salmon.gratis,available,23.99,23.99,high,low,6,namesilo,,,
cc9115bb-a005-40e3-a489-968b200f4ca2,bond.gratis,available,23.99,23.99,high,low,4,namesilo,,,
c76e21a7-1dab-4cad-87dd-48ab6c1c1219,eddie.gratis,available,23.99,23.99,high,low,5,namesilo,,,
5ce39a86-0667-42b4-94f6-be07c9652db3,anosmic.gratis,available,23.99,23.99,medium,low,7,namesilo,,,
f8b1df8b-e5c3-430d-9831-189d1a418a92,sunbelt.gratis,available,26.99,,high,low,7,name.com,,,
7f1bddac-ea47-4398-b98f-8cde21ac1d92,soundlike.gratis,available,23.99,23.99,low,low,10,namesilo,,,
88eea7ee-e176-45f9-a32d-d30a0fc78ac9,courage.gratis,available,26.99,,high,low,7,name.com,,,
c9882ee9-9d31-48aa-8380-40c1b0e48d6e,disturb.gratis,available,23.99,23.99,high,low,7,namesilo,,,
fc11a7e4-eb72-4f3a-8b7e-876a04f3f2d6,pies.gratis,available,23.99,23.99,medium,low,4,namesilo,,,
954a3481-824d-41e5-851f-4b204b988abc,disagree.gratis,available,23.99,23.99,high,low,8,namesilo,,,
dcc6de35-83db-4364-b091-2956d64f540d,thrown.gratis,available,23.99,23.99,high,low,6,namesilo,,,
9544a1fd-46da-4ed0-a931-abd09149e487,bagel.gratis,available,23.99,23.99,high,low,5,namesilo,,,
c86fd28a-e1dc-42fe-92b1-74c9a7ef4787,acned.gratis,available,23.99,23.99,low,low,5,namesilo,,,
63453e34-5030-4454-b51a-fa1f271392e0,arctic.gratis,available,23.99,23.99,high,low,6,namesilo,,,06/08/2026 16:07
460d4f3e-d7e0-47c0-8d06-10bc9d7a016c,arbitral.gratis,available,23.99,23.99,medium,low,8,namesilo,,,06/08/2026 12:48
f6dd4d12-3872-42dd-b700-2aef153baee4,diverted.gratis,available,24.98,31.98,medium,low,8,namecheap,,,
c26444a7-92e7-4729-989f-fae689956429,violation.gratis,available,23.99,23.99,high,low,9,namesilo,,,
ec912637-e5f5-4857-9fba-0e04410ea517,sheraton.gratis,available,,,high,low,8,,,,
2a4b8705-bdad-4f46-a57b-41eb2dfef379,educational.gratis,available,23.99,23.99,high,low,11,namesilo,,,
4e971367-b4e3-4f06-ad3a-1252bdef3e25,terminating.gratis,available,23.99,23.99,medium,low,11,namesilo,,,08/09/2026 14:51
3ae7c4af-6c35-4254-b20e-10badca1b5f3,seedy.gratis,available,23.99,23.99,high,low,5,namesilo,,,
6e452773-b4b7-4b72-9559-6b22bd4be807,investments.gratis,premium,118.8,118.8,high,low,11,namesilo,,,
771aba8f-cf1b-4ae4-85e4-d1b651e56de4,refundable.gratis,available,23.99,23.99,high,low,10,namesilo,,,
3ab9af6a-8dd8-426f-9a18-c6ebaa583028,regarded.gratis,available,23.99,23.99,high,low,8,namesilo,,,
990a8042-2853-4c93-a9f0-f70ace5bc943,trauma.gratis,available,23.99,23.99,high,low,6,namesilo,,,
ce619d7c-6d58-4024-93d3-146bbd982b3b,beastly.gratis,available,23.99,23.99,medium,low,7,namesilo,,,09/08/2026 04:54
4a31495c-1abe-4d4d-ae00-7fffe1f03204,rotfl.gratis,available,23.99,23.99,medium,low,5,namesilo,,,
4009a1fd-4258-44e1-b8d8-b90b2b13a811,anniversary.gratis,available,23.99,23.99,high,low,11,namesilo,,,
9352c11b-c862-49d3-8bda-604e909385ea,oppose.gratis,available,23.99,23.99,high,low,6,namesilo,,,
9521d6f5-7b5f-4111-9357-a77266664ff5,mostly.gratis,available,23.99,23.99,high,low,6,namesilo,,,
47735953-a747-465b-b601-197cb33a3cf6,vexation.gratis,available,,,medium,low,8,,,,
e47cc4f5-7e99-4896-af78-15147601bc9a,guts.gratis,available,26.99,,high,low,4,name.com,,,
e0f455ad-707d-4afb-9ed8-ac62a0492c7b,tel.gratis,premium,500,,high,low,3,name.com,,,
47360f76-b058-4b6e-a764-de3b6bb52c25,hardworking.gratis,available,23.99,23.99,high,low,11,namesilo,,,
8f88d2bc-80df-4fcc-b039-90a64c392e72,annalistic.gratis,available,23.99,23.99,high,low,10,namesilo,,,
c6e6a2c7-456e-4302-9046-d8114dd8e016,sony.gratis,available,,,high,low,4,,,,
b9e676c7-7358-43a0-8070-fbb93dccd96e,expedite.gratis,available,23.99,23.99,high,low,8,namesilo,,,
42aff481-4281-4be7-9152-a6a3cc21dd04,tardy.gratis,available,23.99,23.99,medium,low,5,namesilo,,,09/08/2026 12:42
a23d7ced-ef43-4f54-9ada-dd50bbc5f590,optic.gratis,available,23.99,23.99,high,low,5,namesilo,,,
d5790be2-a72d-47b8-90f1-b86338b8de24,clap.gratis,available,23.99,23.99,high,low,4,namesilo,,,
7178eb84-8ff0-413a-87d2-f2a4254df0cb,hexad.gratis,available,23.99,23.99,medium,low,5,namesilo,,,
8bebb7be-8dd0-4c07-843f-36159c43409a,vacuum.gratis,available,23.99,23.99,high,low,6,namesilo,,,
57ac655d-f6d4-4854-9f37-c3bcbd749a0a,lucky.gratis,premium,23.6,23.6,high,medium,5,namesilo,,,
e4e77400-e226-4c58-b387-81d7357cfd0c,pledged.gratis,available,23.99,23.99,high,low,7,namesilo,,,
855f1f3a-46e2-4b14-9934-b0ec0d377315,arguable.gratis,available,23.99,23.99,medium,low,8,namesilo,,,06/08/2026 18:32
b8291b5e-5cbf-4f84-a9cd-ad6eb510692d,luncheon.gratis,available,23.99,23.99,high,low,8,namesilo,,,
ac550095-489e-4669-8b98-317278b2675a,qualification.gratis,available,23.99,23.99,high,low,13,namesilo,,,
6dedd33b-c3c3-4bbc-8e81-64c2fe949a5d,useless.gratis,available,23.99,23.99,high,low,7,namesilo,,,
ab30477a-fca5-46c0-8f6c-530f6029352b,rushed.gratis,available,26.99,,high,low,6,name.com,,,
11d8f9cc-f2ec-4b6d-9d0f-70aad5d4c12f,jot.gratis,premium,23.6,23.6,high,low,3,namesilo,,,
4e101ca0-1222-4ece-b545-5412481081cf,cone.gratis,available,23.99,23.99,high,low,4,namesilo,,,
36952ea3-844d-467b-a188-389588598183,blanket.gratis,available,23.99,23.99,high,low,7,namesilo,,,08/09/2026 07:17
ceceaf2c-c793-4d0f-b67a-1a9e8bad66fc,crocodile.gratis,available,26.99,,high,low,9,name.com,,,
2a0e9372-b86e-455d-a50c-9d2d9c9faa00,utter.gratis,available,23.99,23.99,high,low,5,namesilo,,,
7bc5c91a-60f5-4e64-8788-d2212ee85dce,noble.gratis,available,24.98,31.98,high,low,5,namecheap,,,08/08/2026 20:18
95d26880-580e-4f3e-85e1-495401dccb6a,pepsi.gratis,available,23.99,23.99,high,low,5,namesilo,,,
9d7b1b00-898d-4e04-b95d-6b9605c5f375,retina.gratis,available,23.99,23.99,high,low,6,namesilo,,,
8dd4419d-ebdf-4e9d-b61b-745255b92e62,wishful.gratis,available,23.99,23.99,medium,low,7,namesilo,,,07/08/2026 05:07
f16b85db-7588-4e8f-8429-cd278afc97a9,patriotism.gratis,available,23.99,23.99,high,low,10,namesilo,,,
4a748d65-ef9c-4e5b-b8af-ae34d47aa552,rgb.gratis,available,23.99,23.99,high,low,3,namesilo,,,
c66df63f-c442-4be5-ac88-782e96c04cb4,hic.gratis,available,23.99,23.99,high,low,3,namesilo,,,
a8b41a9d-6614-4ccb-a87f-b6fb31e17e6a,quilting.gratis,available,23.99,23.99,high,low,8,namesilo,,,
9cc766f7-3a39-47f3-a60c-61fd16251c50,protect.gratis,premium,118.8,118.8,high,low,7,namesilo,,,
74b37580-2e51-4b76-a3c3-e5af7dfc4222,hans.gratis,available,23.99,23.99,high,low,4,namesilo,,,
7c04cf11-46a3-40d1-bfc1-241b931ab555,audile.gratis,available,23.99,23.99,medium,low,6,namesilo,,,07/08/2026 16:40
ab683773-f43d-4973-bcb9-65e49df17bb2,xciv.gratis,available,24.98,31.98,medium,low,4,namecheap,,,
fb1b64de-8d18-4201-a50e-4c5b42772ed7,treed.gratis,available,23.99,23.99,medium,low,5,namesilo,,,07/08/2026 11:13
cf1647b6-b609-4e92-9e73-158a5e1b706f,tasting.gratis,available,23.99,23.99,high,low,7,namesilo,,,
e2f10c52-fb4b-47f1-ae60-545afb57f282,poster.gratis,premium,23.6,23.6,high,low,6,namesilo,,,
0739d94b-264a-4531-b234-d1233395978c,needs.gratis,available,23.99,23.99,high,low,5,namesilo,,,
cf54c72c-9e56-44c3-a56d-84d46c9aae6f,asymptotic.gratis,available,23.99,23.99,medium,low,10,namesilo,,,07/08/2026 10:30
8efd4782-cc00-4fac-9f2c-86adf3b31b30,infuriated.gratis,available,23.99,23.99,medium,low,10,namesilo,,,
537a99ed-514f-4543-ba4c-c884b2652721,antioxidant.gratis,available,23.99,23.99,high,low,11,namesilo,,,
7680b116-1bef-4bcb-b160-4e2f433769b5,lyric.gratis,available,23.99,23.99,high,low,5,namesilo,,,
583349e7-0ebc-4b58-937f-aa479bcd1c72,visited.gratis,available,23.99,23.99,high,low,7,namesilo,,,
85eb79fc-eb76-42bf-a8b9-5d3d4b7fc6e3,injury.gratis,available,23.99,23.99,high,low,6,namesilo,,,
43f1a3c9-4ebe-4876-b9be-7184ea9d0038,reveal.gratis,available,23.99,23.99,high,low,6,namesilo,,,
d0b5b069-92e9-47d3-86d0-8661a1f7bd4f,balky.gratis,available,23.99,23.99,medium,low,5,namesilo,,,08/08/2026 09:55
11d04f5f-a473-40ad-afbf-ce5b237e1fac,prose.gratis,available,23.99,23.99,high,low,5,namesilo,,,
b5a2cfa1-9b6b-4773-bf6d-86511ede1bba,peeking.gratis,available,23.99,23.99,high,low,7,namesilo,,,
d2b363c0-56c9-40ce-9cd8-8fc951b33699,greet.gratis,available,23.99,23.99,high,low,5,namesilo,,,
9dd67b2f-80df-43c5-8ba0-951ceed4a6b0,dominating.gratis,available,23.99,23.99,medium,low,10,namesilo,,,07/08/2026 19:40
7424d0c9-7536-4df7-a023-bd0eff2c1400,interior.gratis,available,23.99,23.99,high,low,8,namesilo,,,
99c93f9f-30b1-4269-aa8f-abbd7115cce9,lowly.gratis,available,23.99,23.99,medium,low,5,namesilo,,,08/08/2026 21:38
9be80fd6-3843-4b9e-baa1-81ab449c4f04,poll.gratis,available,23.99,23.99,high,low,4,namesilo,,,
a7867ef2-fb7a-4899-9eac-39b580b95b67,anodyne.gratis,available,23.99,23.99,medium,low,7,namesilo,,,
3dbf0de8-aa85-4cf7-8d74-caed91b93951,ike.gratis,available,23.99,23.99,high,low,3,namesilo,,,
c3c98512-7245-44d9-9f86-5d34e4ce314c,fought.gratis,available,23.99,23.99,high,low,6,namesilo,,,
53ef34f3-1b19-43ea-bcfa-fb35787518d9,ripe.gratis,available,26.99,,high,low,4,name.com,,,
6bc6287d-d14b-45bc-834d-837dcebd8a08,add.gratis,premium,23.6,23.6,high,low,3,namesilo,,,
f22b11b6-d26b-44aa-a35e-5b2d9ac96d8c,confounded.gratis,available,23.99,23.99,medium,low,10,namesilo,,,07/08/2026 11:57
4cdd8113-89f5-406a-9de4-a26d9969ef01,bawdy.gratis,available,23.99,23.99,medium,low,5,namesilo,,,09/08/2026 02:05
6fd7afdc-5b7a-47cf-bc71-587f9ae0f194,abuzz.gratis,available,23.99,23.99,medium,low,5,namesilo,,,
da711439-c8a2-4bd1-b850-eaf7a59f8f28,loads.gratis,available,26.99,,high,low,5,name.com,,,
c8ed7544-9d18-411b-b0a5-c17ff485adca,actuarial.gratis,available,24.98,31.98,high,low,9,namecheap,,,
4d22f444-3c83-4ffc-9b3f-341e171a654c,make.gratis,available,23.99,23.99,high,medium,4,namesilo,,,
9366e755-9afe-44c1-8f52-1cafeb480813,autogenic.gratis,available,23.99,23.99,medium,low,9,namesilo,,,07/08/2026 20:21
448b3002-7011-499e-9230-815359a136c5,wrench.gratis,available,23.99,23.99,high,low,6,namesilo,,,
0de7d277-443f-493f-98eb-d8eb74f3a505,sevener.gratis,available,23.99,23.99,medium,low,7,namesilo,,,
2e8c44e5-ad7a-45ed-a5a5-4ac264d1b8a7,church.gratis,premium,242,242,high,low,6,namesilo,,,
2c9b28dd-8143-4965-80be-fb6bbc7f4218,agnate.gratis,available,23.99,23.99,medium,low,6,namesilo,,,
794dfc1d-5df8-4dc5-82f6-5ff3d70459bc,los.gratis,premium,26.99,,high,low,3,name.com,,,
d4407797-ddce-4eab-8c53-66469f57edc2,concentrated.gratis,available,23.99,23.99,high,low,12,namesilo,,,
c5f56370-dab5-42aa-a5a4-88d40e42570c,anaglyphic.gratis,available,23.99,23.99,medium,low,10,namesilo,,,
11a4d46c-1110-4950-b2f4-87fb173ecfe6,undergraduate.gratis,available,23.99,23.99,high,low,13,namesilo,,,
36a32c14-4fd2-4dd3-885d-370db7588e78,adducent.gratis,available,23.99,23.99,medium,low,8,namesilo,,,
d33f7eae-3349-4190-8412-196c503d7c23,diminishing.gratis,available,26.99,,high,low,11,name.com,,,
9200ca24-86c6-44a8-8b51-d31e1cc48b2e,amebous.gratis,available,23.99,23.99,medium,low,7,namesilo,,,
8f2a3937-290d-4225-8359-15203b4ccc6e,sunglass.gratis,available,26.99,,high,low,8,name.com,,,
14c8a5cb-7a03-48f3-bbb4-b223fcef37cf,ancillary.gratis,available,23.99,23.99,high,low,9,namesilo,,,
a76e2bc9-ad29-49c3-9f57-afb41e6ed5e1,crab.gratis,available,23.99,23.99,high,low,4,namesilo,,,
d3aa1331-e216-4506-9ccd-820803a41ae3,pale.gratis,available,23.99,23.99,high,low,4,namesilo,,,
636bba43-1f5c-40f4-905d-105ff5100ebe,doughnut.gratis,available,23.99,23.99,high,low,8,namesilo,,,
6e9aae6e-ddc1-4e4b-bfd9-fc28fab27fbd,intrinsic.gratis,available,23.99,23.99,high,low,9,namesilo,,,
0275df9a-247b-4231-866b-3e60d89edadf,cheerfully.gratis,available,23.99,23.99,high,low,10,namesilo,,,
28d2691e-cf06-4e11-9f40-dbbe244be776,notwithstanding.gratis,available,23.99,23.99,medium,low,15,namesilo,,,
ea269bcb-ad99-4eeb-94cf-9ab50eb67385,saler.gratis,available,23.99,23.99,high,low,5,namesilo,,,
a1c0358b-8653-4ffb-8f66-769e475e9b7f,which.gratis,available,,,high,low,5,,,,
36a0aeee-e5bb-4008-9063-ad5aac44106d,curiously.gratis,available,26.99,,high,low,9,name.com,,,
d6903d57-f031-4c2b-ab12-3256c4daf9c8,something.gratis,available,24.98,31.98,high,low,9,namecheap,,,24/09/2026 20:47
cd7ecd2a-2cf6-4823-98ff-323424d0b510,gala.gratis,available,23.99,23.99,high,low,4,namesilo,,,
4a4fea6e-eea2-46e1-a068-fe7f368815ee,surprise.gratis,available,26.99,,high,low,8,name.com,,,
be300f40-619c-4856-8b8e-363cb58cddca,mask.gratis,available,23.99,23.99,high,low,4,namesilo,,,
aa68cac9-f7a1-47dd-9491-48bdf6a290e3,indoaryan.gratis,available,23.99,23.99,medium,low,10,namesilo,,,06/08/2026 23:56
95d39e71-aaae-493e-bf6e-63eb38591bae,accommodate.gratis,available,26.99,,high,low,11,name.com,,,
a330e2c3-d911-4740-b9e7-bf0620a8a693,temple.gratis,available,,,high,low,6,,,,
2a7a54aa-3e3a-4c8e-a2a7-09342e3a747b,primer.gratis,available,23.99,23.99,high,low,6,namesilo,,,
fb8f18be-9337-4baf-93f0-fce0bd5e2701,hate.gratis,available,23.99,23.99,high,low,4,namesilo,,,
3705a58b-3331-46d8-9c4b-a21c06537c3a,duchess.gratis,available,23.99,23.99,high,low,7,namesilo,,,
2b4a30fa-cbd4-4660-86b4-0432c94d14c2,aaa.gratis,premium,26,26,high,medium,3,namecheap,,,